:020000040800F2
:1000000020A300246D030008677C000865780008C1
:10001000657C0008DD15000851960008000000000E
:10002000000000000000000000000000AD02000819
:10003000551A00080000000009030008558B00084D
:100040008703000887030008870300088703000868
:100050008703000887030008870300088703000858
:10006000870300088703000887030008E1150008DC
:10007000ED150008F915000805160008111600080E
:10008000870300088703000887030008A91A0008EF
:100090008703000887030008870300088703000818
:1000A0008703000887030008870300088703000808
:1000B000118D0008870300088703000887030008E4
:1000C00087030008870300088703000887030008E8
:1000D0008703000839960008870300084596000842
:1000E000870300088703000800000000870300085A
:1000F00087030008870300088703000887030008B8
:1001000087030008A97E000887030008870300080A
:100110008703000887030008870300088703000897
:100120008703000887030008870300088703000887
:100130008703000887030008870300088703000877
:1001400000000000000000000000000000000000AF
:100150008703000887030008870300088703000857
:100160008703000887030008870300088703000847
:1001700087030008870300088703000800000000C9
:100180008703000887030008870300088703000827
:100190008703000887030008870300088703000817
:1001A0008703000887030008870300088703000807
:1001B00087030008870300088703000887030008F7
:1001C00087030008870300088703000887030008E7
:1001D00087030008870300088703000887030008D7
:1001E00087030008870300088703000887030008C7
:1001F00087030008870300088703000887030008B7
:1002000087030008870300088703000887030008A6
:100210008703000887030008870300088703000896
:100220008703000887030008870300080000000018
:100230008703000887030008000000008703000808
:100240008703000887030008870300088703000866
:100250008703000887030008870300088703000856
:100260008703000887030008870300088703000846
:1002700087030008870300088703000800000000C8
:1002800087030008870300088703000800000000B8
:100290000000000087030008DFF80CD000F0BAFD72
:1002A00000480047FDC0000820A300242C4B19681B
:1002B0000868B0E8F04F80F30988BFF36F8F4FF004
:1002C000000080F3118870470000000008480068B3
:1002D000006880F308884FF0000080F3148862B64D
:1002E00061B6BFF34F8FBFF36F8F00DF00BF00BF5A
:1002F00008ED00E0DFF80C00016841F470010160D6
:10030000704700BF88ED00E0EFF30980BFF36F8F07
:10031000134B1A681EF0100F08BF20ED108A20E959
:10032000F04F106009B44FF0500080F31188BFF314
:100330004F8FBFF36F8F0DF035FB4FF0000080F350
:10034000118809BC19680868B0E8F04F1EF0100F5A
:1003500008BFB0EC108A80F30988BFF36F8F704735
:1003600054000024EFF305807047000006488047E2
:1003700006480047FEE7FEE7FEE7FEE7FEE7FEE78A
:10038000FEE7FEE7FEE7FEE7358C0008990200086D
:100390002DE9F05F0546002092469B4688460646BA
:1003A000814640241BE0284641464746224600F04D
:1003B000FEFA53465A46C01A914110D311461846C8
:1003C000224600F0E5FA2D1A67EB01084F46224657
:1003D0000120002100F0DCFA17EB00094E41201E3D
:1003E000A4F10104DFDC484631462A464346BDE815
:1003F000F09F40EA01039B0703D009E008C9121FE0
:1004000008C0042AFAD203E011F8013B00F8013BCE
:10041000521EF9D27047D2B201E000F8012B491EFA
:10042000FBD270470022F6E710B513460A46044691
:100430001946FFF7F0FF204610BD30B505462A46A5
:100440000B4612F8010B13F8014B08B1A042F8D08B
:100450001CB1002802D06D1CF1E7284630BD421CBB
:1004600010F8011B0029FBD1801A704710B500223B
:1004700000E0521C835C8C5CA34201D1002BF8D1BC
:10048000D8B2E1B2401A10BD30B50546002003468F
:1004900000E05B1C934205D2EC5CC85C201A01D1E1
:1004A000002CF6D130BD00000FB400B58DB010A9FE
:1004B00009900B9000914FF0FF300A9000200C90B3
:1004C00005480690054807906A4609A80F9900F06C
:1004D00093FA0DB05DF814FB150A0008330A000802
:1004E0002DE9FF5F1D464FF0FF3BD5E901469146E0
:1004F0005F464FF00008A9697F1C01988847296A68
:10050000824688470028F6D1BAF1FF3F0CD024F488
:10051000C064002E19DD600614D5BAF12B0F09D086
:10052000BAF12D0F0ED103E0584604B0BDE8F09F9C
:1005300044F48064A9697F1C01988847761E82462E
:10054000002E02DDBAF1300F03D0B9F1000F26D032
:1005500032E0A969761E44F400747F1C0198884734
:100560008246002E05DDBAF1780F06D0BAF1580F99
:1005700003D0B9F1000F10D01EE0B9F1000F02D086
:10058000B9F1100F18D1A969761E24F400747F1CEC
:10059000019888478246102002E0082000E00A20E7
:1005A000814609E008FB0908A969761E44F4007435
:1005B0007F1C019888478246002E05DD494650463B
:1005C00000F005FA0028EDDAE96901988847A005EE
:1005D00002D46FF00100A8E7E00725D1600613D52B
:1005E000600502D5C8F1000000E0404629680A1DF8
:1005F0002A600968220501D5087015E0220701D597
:10060000088011E008600FE02868011D296000687B
:10061000210502D580F8008006E0210702D5A0F868
:10062000008001E0C0F8008038467EE72DE9FF4FEA
:10063000087881B09946FF2805D0491C2D2804D0A0
:100640000024002308E000230BE00124F9E703EB7A
:10065000830300EB4303491C0878FF28F7D104B15A
:100660005B4200200090147801462D2C01D02B2CE9
:1006700004D1521C2D2C12D0002400940025167891
:10068000FF2E0ED00A24A0FB04C801FB0481002722
:1006900000FB0711521C16EB0C006941EFE7012427
:1006A000EBE7994450EA01020ED00024AA4D2646F9
:1006B000DFF8A88200F056FB82468B46B9F10000B5
:1006C00009DAC9F100071BE001980021C0E9001117
:1006D00005B0BDE8F08F074612E0F80707D02246C4
:1006E0002B463046414600F05CFA064688462246D4
:1006F0002B461046194600F054FA04460D467F106A
:10070000002FEAD1B9F1000F324643465046594610
:1007100002DA00F0B8FA01E000F043FA009A0AB1F8
:1007200081F00041019AC2E90001D1E72DE9FF4FB4
:100730001F468DB0D7E901464FF0FF382E204546C1
:100740004FF000090B90B9696D1C0E988847396A03
:10075000824688470028F6D1BAF1FF3F0AD024F438
:10076000D064002E11DDBAF12B0F08D0BAF12D0F95
:100770000BD102E0404611B0ABE744F48064B969A4
:100780006D1C0E9888478246761E6946600501D525
:100790002D2000E02B208DF8000001F1010B0DF160
:1007A000200809E0B9696D1C0E98884782460F98A9
:1007B00044F40074761E0560002E02DDBAF1300F9D
:1007C000F0D00B998A453ED144F0800406E00F99A1
:1007D000681CA9F1010944F400740860B9696D1C32
:1007E000761E0E98884782463028F0D02BE00B9971
:1007F0008A4505D1200603D444F08004761E18E013
:10080000504609F049F808B30DF11301761E44F47F
:1008100000748B4508D2AAF130000BF8010B2006BA
:1008200007D5A9F1010003E0200602D409F1010077
:100830008146A00502D50F99681C0860B9696D1C36
:100840000E9888478246002ED1DC53E0002E51DD01
:10085000BAF1650F02D0BAF1450F4BD1A00549D5C9
:10086000B9696D1C24F44074761E0E988847824640
:10087000002E0CDD2B2804D0BAF12D0F07D144F443
:100880008074B9696D1C0E9888478246761EE00513
:1008900001D52D2100E02B2108F8011BCDF82C807B
:1008A00021E00DF12901761E44F4007488450CD234
:1008B000AAF1300010F0FF0088F8000002D10B9977
:1008C000884509D908F1010806E0E00501D524486A
:1008D00001E042F20F708146B9696D1C0E9888479D
:1008E00082460F980560002E04DD504608F0D4FFC4
:1008F0000028D6D1F9690E988847FF208BF80000B0
:1009000088F800000020069007904B466A4608A928
:1009100006A8FFF78BFEA00502D46FF001002AE7BE
:1009200014F0240F0AD0E00714D1DDE9061238686C
:10093000031D3B600068C0E900120BE0DDE9060121
:1009400000F04CFA0146E00704D13868021D3A6015
:100950000068016028460EE7000024400000F03FD8
:10096000F1D8FFFF30B50B460146002020220124BC
:1009700009E021FA02F59D4205D303FA02F5491B6D
:1009800004FA02F52844151EA2F10102F1DC30BD83
:10099000202A04DB203A00FA02F10020704791403F
:1009A000C2F1200320FA03F3194390407047202A34
:1009B00004DB203A21FA02F00021704721FA02F309
:1009C000D040C2F1200291400843194670473A28AE
:1009D00000D2303820F02002412A01D3A2F13700A2
:1009E000884201D34FF0FF30704700000268114485
:1009F0001378016018467047D16004495161044979
:100A0000116200211161114600F02EBAED090008B3
:100A10005D0E0008426842B1016811F8013B23B144
:100A2000521EC0E90012184670470121C160881E9D
:100A3000704742685AB1C368016843B983688B4202
:100A400005D0491E521CC0E90012002070474FF02B
:100A5000FF3070472DE9FE4F804681EA0300C00F4A
:100A60000C46009021F0004123F00045B8EB020055
:100A7000A94105D24046214690461C460B460246F7
:100A800023F00040104347D0270DC7F30A00C3F3FB
:100A90000A510290401A019040286BDAC3F3130008
:100AA00040F4801B0098924620B10023D2EB030A49
:100AB00063EB0B0B01985946C0F140025046FFF71B
:100AC00067FF06460D4650465946019A00F0B4F9B4
:100AD00010EB08006141002487EA115284EAE773B1
:100AE0001A4340D0009A62B3019A012A4FEA075292
:100AF00015DC001B61EB02014FF0004202EA0752D5
:100B0000CDE90042001C41F5801132462B4600F031
:100B100087FB03B0BDE8F08F40462146F9E7001B94
:100B200061EB0201001C41F5801300185B412018A5
:100B3000A2F5001747EB030140EAD570B6196D41E5
:100B400011E06D084FEA360645EAC0754FEA0752D4
:100B5000001B61EB0201001C41F5801149084FEABE
:100B600030000019514132462B4603B0BDE8F04F2A
:100B700000F047BB0098012240000023D0EB0202A6
:100B800063EBE073009821464FEAE074B8EB000095
:100B900061EB0401E9E783F000435BE781F000418A
:100BA00058E72DE9FE4F81EA030404F0004421F0E8
:100BB000004100944FF0000B23F0004350EA010481
:100BC0005ED052EA03045BD0C3F30A54C1F30A5562
:100BD0002C44A4F2F3340194A0FB0254C1F313019A
:100BE00041F48011C3F3130343F4801301FB024467
:100BF00000FB034E840A970A44EA815447EA83576C
:100C0000A4FB076802958D0A05FB07854FEA932C24
:100C100004FB0C542705029D4FEA065847EA163795
:100C2000B5EB08056EEB070C870E920E47EA8117AD
:100C300042EA8312A7FB0201B6EB0B0164EB00044E
:100C40002B0D43EA0C335E1844EB1C50DA46514638
:100C5000E7FB0201C5F313044FEA0B3343EA1453D5
:100C60004FEA0432019C43EA0603A4F10C04029407
:100C7000009CCDE900B400F0D3FA03B0BDE8F08FDA
:100C800000200146F9E72DE9F04D81EA030404F064
:100C9000004B21F0004514464FF0000A23F00041BC
:100CA00050EA050220D054EA01021DD0C5F30A57CC
:100CB0000246C5F31303C1F31300C1F30A5640F40F
:100CC000801543F48013A7EB0608101BD64608F2E4
:100CD000FD3873EB050002D308F1010801E092181A
:100CE0005B41B8F1000F03DA00200146BDE8F08D4A
:100CF00000204FF48011064684460EE0171B73EB6C
:100D0000050705D3121B63EB050306434CEA010CF0
:100D100049084FEA300092185B4150EA0107EDD1D3
:100D200052EA030012D082EA040083EA0501084374
:100D300005D0101BAB4106D20122002306E00022A1
:100D40004FF0004302E06FF0010253101AEB06006F
:100D50004CEB085110EB0A0041EB0B01BDE8F04DE4
:100D600000F04FBA0EB540F2334202920022CDE9B4
:100D70000022134600F054FA03B000BDC1F30A523A
:100D8000C1F3130140F2FF3341F480119A4202DAB9
:100D900000200146704740F233439A42A2F23342A8
:100DA00002DC5242FFF703BEFFF7F2BD30B5041E6E
:100DB00071F1000404DB4FF00044404264EB010198
:100DC000141E73F1000405DB1C464FF00043524231
:100DD00063EB0403994208BF904230BD01F0004329
:100DE00030B421F0004150EA010206D00A0DA2F50C
:100DF0006072C1F31301002A02DC30BC002070478E
:100E0000440F44EAC104C100E01830BC00EBC250FA
:100E100000F0C0B9064C074D06E0E06840F0010361
:100E200094E8070098471034AC42F6D3FFF738FA3D
:100E300000F2000820F20008202A06DBCB17203A37
:100E400041FA02F043EAE07306E041FA02F3D040CF
:100E5000C2F120029140084319467047C0B24FF4D6
:100E6000F05100F02BBA00002DE9F34F8BB04FF09A
:100E7000000801F10C000C464FF0010B46460DF145
:100E8000080A01906269012101989047051E2DD042
:100E9000252D2CD0216A8847C0B1626901210198B3
:100EA0009047216A88470028F7D1411E626901985E
:100EB000904700E0761CA1690B988847216A884713
:100EC0000028F7D1E1690B988847DBE7A1690B9807
:100ED00088470746A84201D1761CD3E7E1690B9801
:100EE00088477F1C02D1B8F1000F6FD046E1002780
:100EF00062693D463946019890472A2804D16269C3
:100F00000121019890470125DFF88492626901214F
:100F100001989047A0F130010A290AD24F45E5DC3B
:100F200007EB870100EB4107303FDFD445F01005A8
:100F3000ECE7E90601D46FF000476C280AD04C2892
:100F400014D0682815D06A280DD074281CD07A28AF
:100F50001AD01DE062690121019890476C2802D0E7
:100F600045F0040514E045F002050DE045F02005CC
:100F70000AE06269012101989047682802D045F093
:100F8000080505E045F40065626901210198904774
:100F9000C4E9015765283DD019DC58287AD00CDC0B
:100FA000452837D004DC252826D0412831D131E02E
:100FB00046282FD047282CD12CE05B2877D06128F9
:100FC00028D063287CD0642823D15AE0D0E06F2851
:100FD00048D008DC66281DD067281BD0692821D09E
:100FE0006E2816D127E0702845D0732868D0752860
:100FF00047D078280DD14DE0A1690B988847054668
:1010000025283FF469AFE1690B9888476D1C3FF4D0
:101010006AAFB3E023466A466FF001000B99FFF711
:1010200085FB9EE045F040006060A80723464FF036
:10103000000236D43EE0E8077FF447AF2068011D88
:1010400021600068290501D506701BE7290701D535
:10105000068017E7A90703D5F117C0E9006111E77A
:1010600006600FE745F040006060A80723464FF098
:10107000080216D41EE040F60E0125EA0100606069
:1010800016E045F040006060A80723464FF00A02D2
:1010900007D40FE045F040006060A80708D523465C
:1010A00010226FF001000B99AFF3008059E007E0C8
:1010B000234610226FF001000B99FFF711FA50E060
:1010C0004FF000094F464B46632802D05B2806D0FC
:1010D00040E0E80601D40120A06001273AE06269FF
:1010E0000121019890475E2805D14FF001096269FE
:1010F000494601989047216939B900210A4653466B
:1011000043F82120491C0829FADBB0B3216969B9E9
:10111000C11700EBD16253110AEB830122F01F02C9
:10112000821A01200B68904003430B606269012121
:10113000019890475D28E8D1B9F1000F09D000204F
:10114000514651F82020D24341F82020401C082865
:10115000F7DB02AB224600976FF001000B99AFF36B
:10116000008000280CDA401C08D1BBF1000F05D02C
:101170004FF0FF300DB0BDE8F08FFFE74046F9E7D4
:10118000E90701D108F1010806444FF0000B79E6A8
:10119000CCCCCC0C0029A8BF7047401C490008BF2C
:1011A00020F00100704710B4B0FA80FC00FA0CF097
:1011B00050EA010404BF10BC704749B1CCF12004CF
:1011C00021FA04F411FA0CF118BF0121214308435C
:1011D000A3EB0C01CB1D4FEA00614FEA102042BF88
:1011E000002010BC704700EBC35010440029A4BF7E
:1011F00010BC7047401C490008BF20F0010010BC23
:10120000704710B5141E73F1000408DA401C41F158
:10121000000192185B411A4301D120F0010010BD7A
:101220002DE9F04D92469B4611B1B1FA81F202E0F0
:10123000B0FA80F220329046FFF7AAFB04460F4630
:1012400040EA0A0041EA0B0153465A46084313D0CC
:10125000114653EA010019D0C8F140025046FFF789
:10126000A6FB05460E46504659464246FFF790FB00
:10127000084305D0012004E020463946BDE8F08D42
:101280000020054346EAE0762C4337430A9863057D
:10129000E40AA0EB08000022FD0A44EA47540A30A1
:1012A00002D500200146E9E7010510196941DDE991
:1012B000084500196941BDE8F04DA2E77F2801D932
:1012C000002208E0064A02EB5002C007127800D163
:1012D000120902F00F020120904008407047000000
:1012E00098F1000870B53A4905460068884202D076
:1012F000384A904202D1D1F8080302E03648D0F8CB
:10130000080310F4403F11D004F040FC0446686824
:10131000B0F5803F06D0B0F5003F03D0B0F5403FB8
:1013200026D101E0000C17E0A40821E04FF40020D2
:1013300003F030FD044668688103890B18D18114DD
:101340000C2915D2DFE801F0140606060606060B86
:101350000D0F1113800C4000B4FBF0F408E02409D9
:1013600006E0640904E0A40902E0E40900E0240ABC
:1013700003F012FA41F20301884208D81748844268
:101380002868816813D821F48071816070BD144988
:101390006008884204D82868816821F44071F4E725
:1013A0001049884206D82868816821F4407141F4C8
:1013B0008071EAE70C4988422868816804D821F4E2
:1013C000407141F40071E0E741F44071DDE7000055
:1013D000002002400021024000600258002D31012F
:1013E000105E5F0020BCBE0040787D0110B5846BAC
:1013F000616D11F0500F06D0616DC90625D52046EC
:1014000000F0A0FF10BD606D40F4007060652068C2
:101410000168090707D506F032FA90B12068C06864
:10142000800403D50DE0C06880070AD1606D20F408
:1014300080706065606DC00403D4606D40F0010091
:101440006065204600F07CFF10BDE16CC96CBDE812
:101450001040084710B5806B416D41F04001416577
:10146000816D41F00401816500F06CFF10BD10B585
:10147000806B00F066FF10BD70B50446006881689F
:1014800011F0010F40D18168204A11422DD18168AD
:10149000D5432940491C816003F084F91C49064664
:1014A00020681C4B884201D0984201D11A4A00E0C2
:1014B0001A4A9268984202F01F0200D00146814207
:1014C0001DD0E2B120E0816811F0010F03D18168E5
:1014D0002940491C816003F065F9801B02280ED960
:1014E00020680068C043C00709D0606D40F010005C
:1014F0006065A06D40F00100A065012070BD20680E
:101500000168C943C907DED1002070BD3F000080DB
:1015100000200240002102400023024000630258E4
:101520000146014805F054B8D404002410B504481D
:1015300005F060F8042801D0012010BD002010BD86
:10154000D404002410B500F015F8012801D00220C1
:1015500010BD074805F0EAF9044634B904484FF4D1
:10156000804104F091FE00B10124204610BD00002E
:10157000D404002481B0012000909DF8000001B047
:101580007047000010B5002413460A460146034880
:1015900005F0DAFA00B10124204610BDD40400247D
:1015A00002480022012140680AF036BFEC00002406
:1015B00010B5002413460A460146034805F038FBDF
:1015C00000B10124204610BDD404002402480022AA
:1015D000022140680AF020BFEC000024FEE7000072
:1015E000014801F0A7BB000070060024014801F08B
:1015F000A1BB0000E8060024014801F09BBB0000ED
:1016000060070024014801F095BB0000D8070024C2
:10161000014801F08FBB0000BC030024294A016887
:1016200091423AD0274A1832914236D0254A303278
:10163000914232D0234A483291422ED0214A603220
:1016400091422AD01F4A7832914226D01D4A9032C8
:10165000914222D01B4AA83291421ED01A4A91428E
:101660001BD0194A1832914217D0174A3032914292
:1016700013D0154A483291420FD0134A603291423A
:101680000BD0114A7832914207D00F4A90329142E2
:1016900003D00D4AA832914211D1CAB21823103A90
:1016A000B2FBF3F26FF30901032A02F00703074AC2
:1016B000D25CC26500D9091D81650846704721F0DA
:1016C000FF01F9E7100002401004024078EC000826
:1016D00030B5224A012301689142CAB21BD01F4C87
:1016E0001434A14217D01D4C2834A14213D01B4CF6
:1016F0003C34A1420FD0194C5034A1420BD0174CAE
:101700006434A14207D0154C7834A14203D0134C65
:101710008C34A1420CD11421114C083AB2FBF1F1E6
:101720000F4A803201F01F0504EB8101AB4010E04D
:101730000C4D1824103A0D44B2FBF4F1A82D00D83A
:101740000831094A01F01F0402EB8101064AA34057
:101750008032603080E80E0030BD0000085402582E
:1017600000580258F0FBFDBF0008024010B5027996
:10177000531E072B2DD8174C0168A1421BD0154CC6
:101780001434A14217D0134C2834A14213D0114C69
:101790003C34A1420FD00F4C5034A1420BD00D4C21
:1017A0006434A14207D00B4C7834A14203D0094CD9
:1017B0008C34A14203D10849074C443102E0074967
:1017C000064C443104EB8202C0E91B2101219940FF
:1017D000416710BD08540258FC580258FC080240EA
:1017E00010B583694FF0C074826A0146002053B17E
:1017F000B3F5005F15D072B1012A0CD0022A0AD0CD
:10180000032A09D104E01AB1012A06D0022A03D121
:10181000C96AC90100D5012010BDC96AA142FAD028
:1018200010BD002AF7D0012AF2D0022AF3D0032AF1
:10183000F3D010BD2DE9F04F804E804FDFF8FC91C2
:101840001836DFF8F8A148370468856D0AF1300AC8
:10185000DFF8ECB14C45DFF8ECC1DFF8ECE16DD01E
:10186000B4426BD0544569D0BC4267D0DFF8D08118
:10187000A8F11808444561D05C455FD064455DD04F
:1018800074455BD0DFF8C481444557D0DFF8BC8194
:1018900008F11808444551D0DFF8B08108F130084C
:1018A00044454BD0DFF8A48108F14808444545D0B1
:1018B000DFF8988108F1600844453FD0DFF88C815B
:1018C00008F17808444539D0DFF8808108F19008A4
:1018D000444533D0DFF8748108F1A80844452DD081
:1018E000DFF86C81444529D0DFF8648108F11408E1
:1018F000444523D0DFF8588108F1280844451DD01D
:10190000DFF84C8108F13C08444517D0DFF84081EE
:1019100008F15008444511D0DFF8348108F164081B
:1019200044450BD0DFF8288108F17808444505D0FC
:10193000DFF81C8108F18C08444509D1D0E9194829
:10194000C4F80480C46E1CB1D0E91C48C4F80480FB
:1019500004684C452ED0B4422CD054452AD0BC4209
:1019600028D0374E183EB44224D05C4522D064457E
:1019700020D074451ED0354EB4421BD0334E18369D
:10198000B44217D0314E3036B44213D02F4E4836C1
:10199000B4420FD02D4E6036B4420BD02B4E783669
:1019A000B44207D0294E9036B44203D0274EA83611
:1019B000B44215D190F85C603F2406F01F06B44095
:1019C000AC600468256825F4802525602EE09A60C7
:1019D0000068C160BDE8F08F99600068C260F9E7F7
:1019E0001B4EB4421BD01A4E1436B44217D0184EB8
:1019F0002836B44213D0164E3C36B4420FD0144EA3
:101A00005036B4420BD0124E6436B44207D0104E5A
:101A10007836B44203D00E4E8C36B442DAD190F808
:101A20005C60012406F01F06B4406C6004686360CB
:101A30008368402B0368CFD1C9E700001000024043
:101A400088000240A0000240B8000240100402409A
:101A500008540258704772B6FEE70022AFF30080C8
:101A600084464DF8044D01200E4B5C7A002C16D1B3
:101A7000587A1C54587A03EB8000C0F804C0587A96
:101A800003F1080C00F80C20587A421C5A723030CE
:101A900008703A2048702F208870CC7000205DF8C4
:101AA000044B704710830024014802F07FB9000006
:101AB0003404002406480022012110B501F0F0FF93
:101AC000002803D0BDE81040FFF7C5BF10BD0000DF
:101AD000340400240A48002110B50222012302C068
:101AE00080E80E00C1600161011F064802F050F855
:101AF000002803D0BDE81040FFF7ADBF10BD0000C7
:101B0000E00C002434040024014802F006BD00006B
:101B100034040024F0B503684FF6FC716D4C426B41
:101B2000D3F884508D4345EA8205C3F88450036896
:101B300053F8845F068F25F47F0545EA06451D604E
:101B4000836B654D9F180268D2F888308B4343EA57
:101B50008703C2F88830026852F8883F868F23F4E2
:101B6000FE0343EA06431360066856F8A03FC26BC3
:101B70008B4307EB420243EA82033360076857F85E
:101B8000A03FB0F8406023F4FE0343EA06433B6005
:101B9000D0E9103603FB06220368D3F8B0608E4309
:101BA00046EA8206C3F8B0600368B0F84860D3F82C
:101BB000B07027F4FE0747EA0646C3F8B060D0E9E4
:101BC0001267036806FB0722D3F8AC608E4346EA2F
:101BD0008206C3F8AC60D0E91467036806FB0722ED
:101BE000D3F8F0608E4346EA8206C3F8F0600368DB
:101BF000B0F85860D3F8F07027F47C1747EA06462F
:101C0000C3F8F0600368876D53F8C06F02EB4702BA
:101C10008E4346EA820119600168B0F85C20D1F871
:101C2000C03023F47C1343EA0242C1F8C0200168AB
:101C300090F86020D1F8C03023F07C5343EA026270
:101C4000C1F8C020416B04EB8101C166826B01EBDE
:101C500082020267C36B02EBC3024267D0E9103411
:101C6000634302EB83028267D0E91234634302EBE1
:101C70008302C267D0E91434634302EB8302C0F8E5
:101C80008020836D02EBC303C0F88430C46D826E84
:101C9000544303EB8403C0F88830046E544303EBD1
:101CA0008402C0F89020AA420AD9D0F89C200321CF
:101CB00042F02002C0F89C2080F898100120F0BD6E
:101CC000002200E004C1D0F890308B42FAD8002006
:101CD000F0BD000000AC0040FCD30040F0B58E68C1
:101CE0000C69D1E9005744EA0604DFB145F08045AC
:101CF0002C43866ED1E906C54F695E4391F82030CA
:101D000045EA0C05D0F884E00020D1F80CC047EA81
:101D100003630D4F1D430EEB860345EA0C05E3E814
:101D200002450AE044EA8544E3E71418155C001D07
:101D3000D4F8014045EA042410C3CC6807EB1444EE
:101D400024788442F1D8F0BD80EC000810B5164923
:101D5000ADF5825D1548FFF780FE1648012214A1FB
:101D600009F0FAFA144C011E217007D00D2907D092
:101D700012A00BF079FB0DF5825D10BD13A010E0F1
:101D800018A00BF071FB4FF480500090002202214C
:101D900001AB07A008F0B0FF207008B11AA000E066
:101DA00022A00BF061FBE6E7F50000241CED000823
:101DB000303A0000B4720024F4000024B9D2D4D820
:101DC000CAA7B0DCA3BA25640D0A00000D0A53446B
:101DD000CEC4BCFECFB5CDB3B9D2D4D8B3C9B9A6A1
:101DE0000D0A00005344BFA8BBB9CEB4B4B4BDA81B
:101DF000CEC4BCFECFB5CDB3A3ACBCB4BDABB8F1C3
:101E0000CABDBBAF0D0A0000B8F1CABDBBAFCAA7BF
:101E1000B0DCA3ACC7EBBCECB2E9BBF2B8FCBBBB1B
:101E20005344BFA8A3A10D0A000000005344BFA85B
:101E3000B8F1CABDBBAFB3C9B9A6A3A10D0A0000D2
:101E40002DE9F0470F4690F850109AB0044601294A
:101E50004FF0000915D00026DFF8F880012084F843
:101E6000500015961696216841450ED13A4D0095C1
:101E7000284605F000FD8246206805F0FCFC60B1B4
:101E80000EE002201AB0BDE8F087606D84F8506063
:101E900040F0200060650120F4E7BAF1000F09D09E
:101EA000616D4FF0010941F020006065484684F8FB
:101EB0005060E7E720684146884201D0A84201D13E
:101EC000264800E0264840F61F72D7F800C0254B90
:101ED000BCF1000F23D0D0F808C0D7F804802CF450
:101EE000404C4CEA080CC0F808C0D4F800C08C453F
:101EF00001D0AC4507D18968AB6801F0010103F05E
:101F00000103194302E0996801F001010029CDD1D4
:101F1000BD683968836829439343194317E087688C
:101F200027F44047876027688F4201D0AF4207D12E
:101F30008968AB6801F0010103F00103194302E075
:101F4000996801F001010029B0D181689143816055
:101F5000ACE70000002002400021024000230240C4
:101F600000630258006002582DE9F84F4FF0000B53
:101F70000446E54E0D46CDF800B05F4690F850009F
:101F8000DFF888A3012808D04FF0010984F85090A9
:101F9000206805F06CFC18B169E10220BDE8F88FFB
:101FA00021682868CA69030328D090FAA0F0B0FA23
:101FB00080F000BF00F01F0309FA03F00243CA617A
:101FC000D5E900124FF00C0C20681F23C1F3846187
:101FD0000CEA921C02F01F02604493409140026B95
:101FE0009A430A430263206805F041FC804620685A
:101FF00005F039FC58EA000003D07FE0C0F38460AC
:10200000D8E72068AA68296805F041FCC04909683A
:10201000B9EB117F06D121686869C968C1F38201F3
:10202000490008E02068C168C906C1686869F5D53B
:1020300001F0100149088840296904292ED022683E
:102040002B6802EB810103F0F8420B6E024303F0B0
:10205000004010430866697E22682869012917D06C
:102060005FF0000102EB8000026E22F000420A43A2
:102070000266287E21682A6901280CD000200B699D
:1020800002F01F02904023F4F04202430A6135E05F
:102090004FF00041E6E74FF40060F0E72068297850
:1020A000026E02F0F842B2EB816F03D1016E21F0B3
:1020B0000041016620682978426E02F0F842B2EBD6
:1020C000816F03D1416E21F000414166206829787B
:1020D000826E02F0F842B2EB816F03D1816E21F083
:1020E0000041816620682978C26E02F0F842B2EBA6
:1020F000816F03D1C16E21F00041C1662068816803
:1021000011F0010F76D150F8C02F95F80CC0814B1B
:1021100029680CF0180C23FA0CF3C1F313080B40D8
:1021200022EA08021A4302607B48E968814277D1BB
:10213000286801031BD090FAA0F1B1FA81F1491C83
:1021400001F01F0109294FEA003131D8002911D0CF
:1021500090FAA0F1B1FA81F101F1010101F01F0142
:1021600009FA01F209D100BFC0F3846109E0C0F3AC
:102170008461E4E7C0F38461EEE790FAA0F1B1FA7C
:1021800081F101F1010101F01F0142EA816102D1F7
:10219000C0F3846003E090FAA0F0B0FA80F000F1A0
:1021A000010000F01F0000EB400041EA005133E065
:1021B00000290ED090FAA0F1B1FA81F101F10101EC
:1021C00001F01F0109FA01F206D100BFC0F38461DA
:1021D00006E0C0F38461F1E790FAA0F1B1FA81F171
:1021E00001F1010101F01F0142EA816103D1C0F355
:1021F000846004E040E090FAA0F0B0FA80F0474A32
:1022000000F1010000F01F0000EB400002EB005065
:1022100041EA000141F00071AA68206805F037FB2F
:10222000D5F800C0BCF1000F26DA3D4B20683D49CF
:10223000DFF8F490984201D0B04201D10A4600E0A4
:102240004A469268984202F0E07201D0B04209D149
:102250009D68D6F8088005F0010508F0010845EAF8
:10226000080503E0DAF8085005F0010545B1606D96
:10227000012740F020006065384684F850B08DE6B4
:102280002A4DAC451CD115021AD45045F4D19842C0
:1022900002D0B04200D049468B6842F4000023F0DF
:1022A000E07202438A60234921480968B1FBF0F0DB
:1022B0004000801C00E0401E00900028FBD1DBE7BE
:1022C0001D4DAC450CD1D5010AD45045D4D198420E
:1022D00002D0B04200D049468B6842F080700EE0D8
:1022E000164DAC45C8D15502C6D45045C4D198420C
:1022F00002D0B04200D049468B6842F4800023F0FF
:10230000E07202438A60B7E7002102400060025891
:102310000010005CFFFF0F000000FF47000020FEE0
:10232000002002400023024000630258000084CBDA
:10233000400D03002C000024000052C70000B8CF5D
:102340007047704770470000F8B54FF00006040072
:102350003546009602D0606D10B107E00120F8BD4F
:10236000204600F005F9A66584F850602068816871
:10237000C1F3407119B18168704A114081602068D1
:102380008168C1F3007181B981686D4A114041F0E3
:10239000805181606C496B480968B1FBF0F0401CCA
:1023A00000E0401E00900028FBD120688168C1F346
:1023B000007141B9616D012541F010016165A16DA8
:1023C00041F00101A16505F052FA616DC90600D422
:1023D00020B1606D012540F0100093E0606D20F4A5
:1023E000807040F0020060652068816811F0010F84
:1023F0001FD1564A564B904201D0984207D191685E
:102400009E6801F0010106F00106314303E05149E5
:10241000896801F0010161B9904201D0984201D16F
:102420004D4800E04D488268616822F47C120A43FE
:10243000826002F0B1F941F20301884202D9A0683A
:1024400010280CD0617D227FA368206B490341EAEC
:10245000024118430843217F01290CD010E0607D20
:10246000227F216B400340EA024241F010001043FA
:1024700040F00C00EFE7218C394A02EB4141084360
:10248000616A29B1A26A01F47871014342EA01004C
:102490002168344BCA681A400243CA60206805F0BC
:1024A000E6F90646206805F0DEF930431DD12168C3
:1024B00044F20303267DE26AC86842EA8632984302
:1024C0001043C86094F8380001281ED020680169C4
:1024D00021F0010101612068626B016921F0704106
:1024E000114301612046FEF7FDFEE06801282068E7
:1024F0001CD0016B21F00F010163606D20F0020020
:1025000040F0010060652846F8BD2068A28F164F94
:10251000D4E9101C154E07EB0247A36C026941EA8F
:102520000C013B43324019431143D3E7A269016BCD
:10253000521E21F00F011143DEE70000C0FFFF5FD4
:10254000C0FFFF7F400D03002C000024002002404C
:10255000002102400060025800230240006302583C
:102560000000FEFF03C0F0FF0100FFFF1EF800FCAB
:102570002DE9F041B6B0804614212FA8FDF752FF97
:10258000BC216846FDF74EFF2A49D8F80000884272
:102590004CD1022004900C228104CDE9001005A941
:1025A00000252024C023CDE9022081E839006846B7
:1025B000289502F025FD08B1FFF74DFA1E48016885
:1025C00041F020010160006800F0200034901A48BA
:1025D0000830016841F00101016000682FA93195C0
:1025E00000F0010034900320CDE92F40134801F0A2
:1025F000B7FF14480921124C0215C3142060871537
:10260000C4E901159001C4E9035204F11401C4E9BD
:102610000805D600204681E8C80000F0FFFE08B19A
:10262000FFF719FAC8F84C40C4F8388036B0BDE856
:10263000F081000000200240D844025800000258F7
:10264000BC030024700002402DE9F047384E0446D8
:1026500000689146DFF8DC808A46B04201D04045F0
:1026600001D1354900E03549896801F01F0505F0C1
:10267000FEF8002859D194F85000012855D00120C7
:102680004FF0000784F8500025B1052D02D0092D28
:1026900000D003E02046FEF7EFFE18B184F850703A
:1026A000BDE8F087616D40F60163206899434045BD
:1026B00041F48071616500D00646864200D01DB9A4
:1026C000606D20F480106065606DC00404D5A06D5D
:1026D00020F00600A06500E0A7651C20E16C184A08
:1026E000CA63E26C17491164E26C1749D16421682E
:1026F000086084F850702068416841F01001416022
:102700002068E16AC26822F003020A43C2602168BD
:102710004B46E06C5246403101F062F821680B4BA9
:102720008A681A40121D8A60BAE70220B8E70000E2
:1027300000200240002102400023024000630258B2
:10274000ED1300086F14000855140008C0FFFF7F48
:102750002DE9F84F044602F025F800903CB194F8BA
:102760003500022806D0802161650020E4E00120C8
:10277000BDE8F88FC74DC74EC649183520683036BA
:10278000DFF81483DFF814938842DFF814A3DFF82E
:1027900014B32ED0A8422CD0B0422AD0404528D025
:1027A000484526D0504524D0584522D0BD4A18323D
:1027B00090421ED0BC4A90421BD0BB4A1832904275
:1027C00017D0B94A3032904213D0B74A48329042BB
:1027D0000FD0B54A603290420BD0B34A7832904263
:1027E00007D0B14A9032904203D0AF4AA83290420B
:1027F00009D1026822F01E0202602068426922F0BC
:102800008002426103E0026822F00E020260276843
:102810008F4238464DD0A8424BD0B04249D04045B7
:1028200047D0484545D0504543D0584541D09D4AB2
:10283000183290423DD09C4A90423AD09A4A18327F
:10284000904236D0984A3032904232D0964A48323E
:1028500090422ED0944A603290422AD0924A7832E6
:10286000904226D0904A9032904222D08E4AA8328E
:1028700090421ED08D4A90421BD08C4A1432904216
:1028800017D08A4A2832904213D0884A3C3290426C
:102890000FD0864A503290420BD0844A6432904224
:1028A00007D0824A7832904203D0804A8C329742D5
:1028B00004D1206E026822F480720260754920689B
:1028C000884228D0A84226D0B04224D0404522D009
:1028D000484520D050451ED058451CD0714918316C
:1028E000884218D07049884215D06F491831884203
:1028F00011D06D49303188420DD06B494831884242
:1029000009D069496031884205D0674978318842E9
:1029100001D065499031016821F0010101600EE0AC
:1029200001F040FF0099401A052808D9202262656D
:102930000321002084F8351084F8340017E7386844
:10294000C007EDD1534A0121206890422ED0A84201
:102950002CD0B0422AD0404528D0484526D05045FA
:1029600024D0584522D04F4B183398421ED04E4B9E
:1029700098421BD04C4B1833984217D04A4B3033F7
:10298000984213D0484B483398420FD0464B60339F
:1029900098420BD0444B7833984207D0424B903347
:1029A000984203D0404BA833984208D194F85C7009
:1029B0003F23A06D07F01F07BB40836007E094F83A
:1029C0005C30A06D03F01F0301FA03F3436020683D
:1029D00090424DD0A8424BD0B04249D0404547D05C
:1029E000484545D0504543D0584541D02D4A18322E
:1029F00090423DD02C4A90423AD02B4A1832904215
:102A000036D0294A3032904232D0274A483290425A
:102A10002ED0254A603290422AD0234A7832904202
:102A200026D0214A9032904222D01F4AA8329042AA
:102A30001ED01E4A90421BD01C4A1432904217D01E
:102A40001A4A2832904213D0184A3C3290420FD092
:102A5000164A503290420BD0144A6432904207D04A
:102A6000124A7832904203D0104A8C3290420BD1F5
:102A7000D4E919024260E06E30B1026822F480723B
:102A80000260D4E91C024260002084F8351084F80A
:102A900034006DE610000240580002407000024011
:102AA00088000240A000024010040240085402586E
:102AB0002DE9F05F28B190F83510022904D080216B
:102AC00041650120BDE8F09F904C904B0168183C97
:102AD00018338E4ADFF83C92A1428D4CDFF838E281
:102AE0008E4FDFF83CB2DFF83CA28F4D8F4E31D0D5
:102AF00091422FD099422DD0A1422BD0494529D0C7
:102B0000714527D0B94225D0DFF810C20CF1180C5E
:102B100061451FD0DFF808C2ACF1600C614519D0E7
:102B2000DFF8FCC1ACF1480C614513D0DFF8F0C10F
:102B3000ACF1300C61450DD0DFF8E4C1ACF1180CFC
:102B4000614507D0594505D0514503D0A94201D070
:102B5000B1422CD1DFF8B4C14FF0040880F83580C1
:102B6000ACF1180C61451DD091421BD0994219D08F
:102B7000A14217D0494515D0714513D0B94211D0A3
:102B80006648183081420DD065486038814209D0CE
:102B900063484838814205D061483038814201D0CD
:102BA0005F481838086820F001000860ABE0D1F8F1
:102BB00000C02CF00E08DFF854C1C1F80080ACF161
:102BC000180C0168614527D0914225D0994223D045
:102BD000A14221D049451FD071451DD0B9421BD01B
:102BE000DFF838C10CF1180C614515D0DFF830C1A1
:102BF000ACF1600C61450FD0DFF824C1ACF1480C9A
:102C0000614509D0DFF818C1ACF1300C614503D043
:102C1000DFF80CC1ACF1180CD1F800C02CF0010C9D
:102C2000C1F800C0DFF8E4804FF0010C0168A8F1A2
:102C30001808414546D0914244D0994242D0A14221
:102C400040D049453ED071453CD0B9423AD0334A94
:102C50001832914236D0324A603A914232D0304AEC
:102C6000483A91422ED02E4A303A91422AD02C4AEC
:102C7000183A914226D0594524D0514522D0A94234
:102C800020D0B1421ED02A4A91421BD0284A143289
:102C9000914217D0264A2832914213D0244A3C321E
:102CA00091420FD0224A503291420BD0204A6432D6
:102CB000914207D01E4A7832914203D01C4A8C328E
:102CC000914218D1016E0A6822F480720A6090F86D
:102CD0005C20816D02F01F020CFA02F24A60D0E91A
:102CE00019124A60C16E31B10A6822F480720A601A
:102CF000D0E91C124A600022016D80F835C080F8CE
:102D0000342001B188470020DCE6000028000240A2
:102D1000580002407000024088000240A0000240BB
:102D20007004024088040240A0040240B80402403B
:102D3000085402582DE9FC5F0446F74E0020DFF8E6
:102D4000D88300904FF41652F44808F11808A56D86
:102D5000DFF8C493DFF8C0A3016809F130092068E7
:102D60000AF1480AB1FBF2F1B04201912F68D5F89F
:102D700000C0DFF8ACB335D04146884232D0484578
:102D800030D050452ED058452CD0E54918318842D6
:102D900028D0E3493031884224D0E1494831884283
:102DA00020D0E04988421DD0DE491831884219D030
:102DB000DC493031884215D0DA494831884211D097
:102DC000DFF860E30EF1600E70450BD0D54A783223
:102DD000904207D0D34B9033984203D0D149A831C9
:102DE00088427DD194F85C20082102F01F0201FA8C
:102DF00002F23A424AD0B04232D0404530D0484543
:102E00002ED050452CD058452AD0C54A1832904271
:102E100026D0C34A3032904222D0C14A4832904232
:102E20001ED0C04A90421BD0BE4A1832904217D0E2
:102E3000BC4A3032904213D0BA4A483290420FD046
:102E4000B84A603290420BD0B64A7832904207D0EE
:102E5000B44A9032904203D0B24AA832904203D191
:102E6000026802F0040202E0026802F008026AB19D
:102E7000026822F00402026094F85C0000F01F0077
:102E80008140A960606D40F00100606594F85C00CD
:102E9000012100F01F008140394240D02068B0423B
:102EA00034D0404532D0484530D050452ED05845DA
:102EB0002CD09B4A1832904228D0994A3032904206
:102EC00024D0974A4832904220D0964A90421DD052
:102ED000944A1832904219D0924A3032904200E01F
:102EE000AFE113D08F4A483290420FD08D4A603202
:102EF00090420BD08B4A7832904207D0894A903268
:102F0000904203D0874AA83290427DD1406910F0A8
:102F1000800F04D0A960606D40F00200606594F8F5
:102F20005C00042100F01F00814039423ED020683F
:102F3000B04232D0404530D048452ED050452CD0FC
:102F400058452AD0764A1832904226D0744A3032F8
:102F5000904222D0724A483290421ED0714A90422A
:102F60001BD0704A1832904217D06E4A30329042CD
:102F700013D06C4A483290420FD06A4A6032904275
:102F80000BD0684A7832904207D0664A903290421D
:102F900003D0644AA83290424ED1006810F0020F6C
:102FA00004D0A960606D40F00400606594F85C0096
:102FB000102100F01F008140394258D02068B042F3
:102FC00034D0404532D0484530D050452ED05845B9
:102FD0002CD0534A1832904228D0514A3032904275
:102FE00024D04F4A4832904220D04E4A90421DD0C1
:102FF0004C4A1832904219D04A4A3032904215D089
:10300000484A4832904200E014E00FD0454A60320E
:1030100090420BD0434A7832904207D0414A9032D6
:10302000904203D03F4AA832904207D1006800F096
:10303000080006E0006872E70068B7E7006800F083
:103040000400A0B1A96020680168490304D50068A4
:10305000000308D5A16C07E00168C90503D4016825
:1030600021F008010160216C09B12046884794F8DD
:103070005C00202100F01F008140394279D0206897
:10308000B04232D0404530D048452ED050452CD0AB
:1030900058452AD0224A1832904226D0204A30324F
:1030A000904222D01E4A483290421ED01D4A904281
:1030B0001BD01C4A1832904217D01A4A3032904224
:1030C00013D0184A483290420FD0164A60329042CC
:1030D0000BD0144A7832904207D0124A9032904274
:1030E00003D0104AA832904203D1006800F01000CB
:1030F00002E0006800F00200B0B3A96094F8350067
:103100000428206801680FD049037ED500680003B9
:103110002BD4616C2AE00000100002402C00002437
:10312000700002401004024021F016010160206886
:10313000416921F080014161206C08B9A06C20B187
:103140002068016821F00801016094F85C303F219B
:10315000012003F01F0300229940A96084F8350084
:1031600084F83420216D65E003E0E16B09B120466D
:103170008847606D00287DD0606DC00759D02068F9
:10318000042184F83510B0422BD0404529D0484561
:1031900027D0504525D0584523D09D49884220D07E
:1031A0009B49183188421CD099493031884218D047
:1031B0009849884215D097491831884211D09549CD
:1031C000303188420DD093494831884209D0914925
:1031D0006031884205D08F497831884201D08D49CD
:1031E0009031016821F00101016020680099019A85
:1031F000491C0091914202D80168C907F6D10068C4
:10320000C00710D003200FE0FFE70168C905ACD468
:1032100003680121002223F01003036084F83510B5
:1032200084F83420A1E7012084F83500002084F8D8
:103230003400E16C00291DD002B02046BDE8F05FEB
:103240000847754988421DD073491431884219D006
:1032500071492831884215D06F493C31884211D0DC
:103260006D49503188420DD06B496431884209D094
:10327000694900E084E07831884203D066498C31A6
:1032800088427DD194F85C800427016808F01F080B
:1032900007FA08F717EA0C0F009746D04F0744D5F6
:1032A00000980F04686003D5C8033CD4A16CC1E743
:1032B000880638D42068B0422DD0554960398842FC
:1032C00029D0484527D0504525D0584523D05049CE
:1032D000884220D04E49183188421CD04C493031A8
:1032E000884218D04B49884215D04A491831884243
:1032F00011D04849303188420DD046494831884282
:1033000009D0704507D0904205D0984203D041497A
:10331000A831884203D1016821F0080102E0016868
:1033200021F004010160216C84E7022707FA08F705
:1033300017EA0C0F00974ED08F074CD500980F045A
:10334000686003D5C80344D4616C73E7880640D431
:103350002068B0422FD02E49603988422BD0484592
:1033600029D0504527D0584525D02949884222D018
:103370002749183188421ED025493031884200E063
:1033800044E018D02349884215D022491831884298
:1033900011D02049303188420DD01E494831884231
:1033A00009D0704507D0904205D0984203D0194902
:1033B000A831884203D1016821F0140102E00168BC
:1033C00021F00A010160012184F83510002084F801
:1033D0003400E16B2EE7082202FA08F212EA0C0F21
:1033E00014D0090712D5016821F00E01016094F88C
:1033F0005C100120002201F01F0100FA01F1696058
:10340000606584F8350084F8342012E7BDE8FC9F3D
:103410008800024010040240085402582DE9F05F71
:10342000044601F0BFF9002C07467DD0E34E02218F
:1034300020684FF00308DFF888934FF00005DFF8AD
:1034400084A3B042DFF880B334D0DC4A1832904213
:1034500030D048452ED050452CD058452AD0DA4A95
:103460001832904226D0D84A3032904222D0D64AE2
:10347000483290421ED0D54A90421BD0D34A1832CF
:10348000904217D0D14A3032904213D0CF4A4832BE
:1034900090420FD0CD4A603290420BD0CB4A783266
:1034A000904207D0C94A9032904203D0C74AA8320E
:1034B00090427DD184F83510B04284F834502ED03B
:1034C000BE49183188422AD0484528D0504526D0D8
:1034D000584524D0BC491831884220D0BA493031EF
:1034E00088421CD0B8494831884218D0B749884230
:1034F00015D0B6491831884211D0B44930318842CC
:103500000DD0B2494831884209D0B0496031884273
:1035100005D0AE497831884201D0AC49903101687C
:1035200021F00101016008E027E100BF01F03AF954
:10353000C01B052801D920211CE120680068C007B4
:10354000F4D104F108002168D4E9053C8E4685C811
:1035500009681043D4E907281F43636A38439C4F26
:1035600040EA0C001043394040EA0800042B40EACE
:10357000010003D1D4E90B121143084395490968AE
:103580006FF30F01B1F1005F0FD36168A1F1290260
:10359000052A08D9163A032A05D9083A012A02D978
:1035A0004F39032901D840F48010CEF8000000E024
:1035B00023E02068676A4069042F20F0070047EA8B
:1035C00000070DD1D4E90A01074349B12046FEF7AF
:1035D00007F928B140206065012184F83510CCE05E
:1035E000206847612046FEF719F894F85C203F21D7
:1035F00002F01F029140816054E0774A90421BD054
:10360000754B1433984217D0734B2833984213D01C
:10361000714B3C3398420FD06F4B503398420BD0D4
:103620006D4B6433984207D06B4B7833984203D08C
:10363000694B8C3398427DD184F8351084F834502E
:10364000664B0168A26801EA030E402A73D0802A03
:1036500072D00022D4E90378D4E9053142EAD702D6
:1036600042EAD8085C4AD4E9077C48EAD30848EA29
:10367000D10141EAD701524241EA1C11142341EA27
:103680000E01016020681044B0FBF3F08000E0659B
:103690002046FDF7C3FF94F85C20012102F01F02D1
:1036A000914041602068B04257D044491831884267
:1036B00053D0484551D050454FD058454DD0424940
:1036C0001831884249D040493031884245D03E497E
:1036D0004831884241D03D4988423ED03B4918316B
:1036E00088423AD039493031884236D0374948315A
:1036F000884232D03549603188422ED03349783102
:1037000088422AD031499031884226D02F49A831A9
:10371000884222D0304988421FD02F491431884234
:103720001BD02D492831884217D02B493C31884283
:1037300013D002E01DE017E018E02749503188421D
:103740000BD025496431884207D02349783188421B
:1037500003D021498C31884229D12046FDF7B8FF9A
:10376000A06880280CD00CE0102273E74FF4804250
:1037700070E74021616584F835800120BDE8F09F45
:103780006560216E20790860D4E9190141606068A4
:10379000401E072808D82046FDF7E8FFE06E0560C8
:1037A000D4E91C01416002E0E566256765670120F8
:1037B000656584F835000020E0E700001000024055
:1037C00040000240580002407000024010040240D5
:1037D0003F8010FE0010005C085402580F00FEFFEE
:1037E0002DE9F84F04008C464FF00000009014D0F3
:1037F00094F83400012812D094F8355001200021AB
:1038000084F83400012D0CD0C002606501200090C6
:1038100084F834100098BDE8F88F0120FBE70220FF
:10382000F9E78C4D0226206884F83560A8428A4D5D
:1038300061658A4E8A4FDFF82C82DFF82C92DFF820
:103840002CA2DFF82CB226D0A84224D0B04222D03D
:10385000B84220D040451ED048451CD050451AD013
:10386000584518D08349884215D08249183188427A
:1038700011D08049303188420DD07E49483188428C
:1038800009D07C496031884205D07A497831884234
:1038900001D078499031016821F001010160614651
:1038A0002046FDF7C7FF6B49206888422CD0A8420C
:1038B0002AD0B04228D0B84226D0404524D048452E
:1038C00022D0504520D058451ED06A4A90421BD085
:1038D000684A1832904217D0664A3032904213D06C
:1038E000644A483290420FD0624A603290420BD014
:1038F000604A7832904207D05E4A9032904203D0BC
:103900005C4AA83290420CD1026822F01E0242F0BA
:1039100016020260206C88B12068026842F008023A
:103920000BE0026822F00E0242F00A020260206CF4
:1039300020B12068026842F00402026020688842D8
:103940004BD0A84249D0B04247D0B84245D04045BC
:1039500043D0484541D050453FD058453DD0454AD9
:1039600090423AD0434A1832904236D0414A3032DF
:10397000904232D03F4A483290422ED03D4A603287
:1039800090422AD03B4A7832904226D0394A90322F
:10399000904222D0374AA83290421ED0364A9042F6
:1039A0001BD0354A1432904217D0334A2832904205
:1039B00013D0314A3C3290420FD02F4A50329042BD
:1039C0000BD02D4A6432904207D02B4A7832904275
:1039D00003D0294A8C3290420DD1206E0268D20366
:1039E00003D5026842F480720260E06E18B102688A
:1039F00042F4807202602068884226D0A84224D017
:103A0000B04222D0B84220D040451ED048451CD0FC
:103A100050451AD0584518D01649884215D0154936
:103A20001831884211D01349303188420DD01149E4
:103A30004831884209D00F496031884205D00D498C
:103A40007831884201D00B499031016841F0010181
:103A50000160DFE610000240280002404000024002
:103A6000580002407000024088000240A00002405E
:103A7000B8000240100402400854025870B50446D1
:103A800000F090FE0546601C02D004480078044413
:103A900000F088FE401BA042FAD370BD2000002435
:103AA00010B590F89830012B09D0022B07D0D0F830
:103AB0009C1041F00201C0F89C10012010BD036869
:103AC0009C6D0C4203D1DC6D44F0010404E09C6D5C
:103AD00031EA04041FD00324DC658B0505D5036897
:103AE000D3F8E0401443C3F8E0404B0505D5036824
:103AF000D3F8E4401443C3F8E4400068084A01EAFC
:103B00000203446D074A1C434465106840EA917003
:103B10001060002010BDDC6D44F00204DCE7000002
:103B2000FFFFCF3F14A8004070B5044690F89800FE
:103B3000022804D0D4F89C0040F008000DE0206872
:103B4000D0F8C03013F07C5F0BD0D0F8C4309B02AB
:103B50000CD5D4F89C0040F40070C4F89C000120FF
:103B600070BDD4F89C0040F02000F6E7D0F8C40007
:103B7000C0F3044520462B46FEF7B0F8216801202B
:103B8000A840C1F8D000C4F89400002070BD704770
:103B900070B590F89820012A09D0022A07D0D0F8F1
:103BA0009C1041F00201C0F89C10012070BD0B6810
:103BB000CA6883B10B69072A43EA427325D00C7A9D
:103BC0004A6942EA84724968006F00EBC100C0E9AB
:103BD0000032002070BD072A0DD00C7AD6060D8A5F
:103BE0004B6943EA847246EA0543C06E49681A434A
:103BF00040F82120EDE70B8A4FF06055D1E906240B
:103C000042EA034245EA0423EFE78A69DBE77047AB
:103C100070470000F0B590F898400025022C04D0C1
:103C2000D0F89C1041F008012BE040294FF00046ED
:103C300005D0412929D0046D8C4219D942E004688D
:103C4000D4F8A07017F4FE0F12D0D4F8A4707F0639
:103C500013D0D4F8A470FF0105D5D4F8A070B6EB4A
:103C6000D77F00D10125D4F8A470466F446C24E0BE
:103C7000D0F89C1041F0200103E0D0F89C1041F4F2
:103C80008071C0F89C100120F0BD0468D4F8B070B9
:103C900017F4FE0FECD0D4F8B4707F06EDD0D4F852
:103CA000B470FF0105D5D4F8B070B6EBD77F00D162
:103CB0000125D4F8B470866FC46CC7F305273D4462
:103CC0006C4302E0446DC66F4C4306EB84042668E7
:103CD00016F080465660266836D026F0604616609C
:103CE000D4F800C000262F4F0CF0005CC2F808C0CA
:103CF000D4F800C00CF0004CC2F810C0B4F804C0F6
:103D00001FFA8CFCC2F81CC0D4F804C00CF4702C50
:103D1000C2F80CC0D4F804C00CF4801CC2F814C063
:103D2000D4F804C00CF4001CC2F818C0D4F804C0C5
:103D3000CCF3066CC2F820C0D4F804C008344FEAB3
:103D4000DC7CC2F824C008E0C6F38A46C7E700BF9F
:103D500014F806C003F806C0761CD2F80CC007EBB6
:103D60001C4C9CF800C0B445F2D840290AD0412927
:103D70000CD020294FF001020CD200688A40C0F814
:103D800098200DE00068C0F8A85009E00068C0F86D
:103D9000B85005E0006801F01F018A40C0F89C207F
:103DA0000020F0BD80EC0008704700002DE9FC5FAA
:103DB000DFF804B3044600680BF104028246DBF826
:103DC0000070D2F80080026D416D036D466DD0F831
:103DD0005090456DD0F850C009F0F00005EA000998
:103DE000DAF85450DAF8500000F0607EB80700EAC4
:103DF00088700090DAF85470DAF8548002F4704059
:103E000003F00F02014001910CF071535FEAC851B9
:103E100006EA020605EA030507EA0E070DD5DAF8F9
:103E20005000C00509D500214FF48073CAF8503006
:103E3000CBF800102046FFF7B7FF2068416D490519
:103E400011D5016D49050ED5D0F8DC20D0F8E4106D
:103E500000234FF48068C0F850801140CBF8003048
:103E6000204600F079FBDFF85482009850B12268B8
:103E7000830F00EA08001065CBF800302046009957
:103E8000FFF785FE019850B12268830F00EA080011
:103E90001065CBF800302046019900F05FFB56B169
:103EA0002268B30F06EA08001065CBF800303146EF
:103EB000204600F077FAB9F1000F0BD022684FEAE4
:103EC000997309EA08001065CBF80030494620468E
:103ED00000F022FB2068416D09050BD5016D090535
:103EE00008D500214FF400630365CBF8001020468D
:103EF00000F035FB2068416D890511D5016D8905FC
:103F00000ED5D0F8D820D0F8E01000234FF4007C74
:103F1000C0F850C01140CBF80030204600F01DFB27
:103F20002068416D09030BD5016D090308D50021F7
:103F30004FF400230365CBF80010204600F030FA60
:103F40002068416DC9030BD5016DC90308D5002157
:103F50004FF480330365CBF80010204600F0FBFAE5
:103F60002068416D49030BD5016D490308D5002137
:103F70004FF480230365CBF80010204600F0EAFAE6
:103F80002068416D89030ED5016D89030BD5002191
:103F90004FF400330365CBF80010D4F89C0040F0D8
:103FA0008000C4F89C0057B12268BB0F07EA0800E4
:103FB0001065CBF8003039462046FFF729FE5DB189
:103FC0002268AB0F05EA08001065CBF80030D4F882
:103FD0009C002843C4F89C0039492068884262D17B
:103FE00060688146806880075DD0D9F82060D9F884
:103FF0002410D9F82080D9F82400D9F82030D9F835
:104000002470D9F82020D9F82450D9F820C002F41F
:10401000FC4206F00F0AD9F82460154008F0300879
:1040200003F4C0730CF4F02C11EA0A0100EA08084A
:1040300007EA030706EA0C0604D0C9F82010204658
:1040400000F085FAB8F1000005D0616808624146C9
:10405000204600F07EFA6068416A49060CD5016A84
:10406000490609D5C16BC26B40230362090C204687
:1040700002F03F0200F06CFA2FB160680762394627
:10408000204600F063FA35B160680562D4F89C0000
:104090002843C4F89C0036B160680662D4F89C00DE
:1040A0003043C4F89C00D4F89C00002802D020467D
:1040B000FFF7ADFDBDE8FC9F10A80040FFFFCF3F1C
:1040C00000A000402DE9F04194B08D494C220446F7
:1040D0006846FCF78EF964B18A4D2068A84202D187
:1040E00000F58070606094F898004FF0000820B1EF
:1040F00008E0012014B0BDE8F081204684F89980E2
:1041000000F002F92068816921F01001816100F05E
:1041100049FB0327064604E000F044FB801B0A2805
:1041200011D8206880690007F6D42068816941F0C1
:104130000101816100F036FB06460DE000F032FB24
:10414000801B0A2808D9D4F89C0040F00100C4F86C
:104150009C0084F89870CCE720688069C007EDD097
:104160002068816941F002018161207C012820687A
:10417000816937D041F040018161607C012820686D
:10418000816932D021F480418161A07C01282068BE
:1041900081692DD041F4805181612068A2688169D4
:1041A00021F44071114381612068816921F0A401EB
:1041B00081612068016921F010010161E068012836
:1041C00019D010B302281BD02068816941F080010A
:1041D00081612068016941F010010161E0680328F4
:1041E0000ED012E021F04001C6E741F48041CBE758
:1041F00021F48051D0E72068816941F0040103E097
:104200002068816941F020018161207E6FF0FF020A
:10421000D4E90773A68A1102400602EB0727A0F132
:104220000070384327685B1E184301EB0646304395
:10423000F861A068B0F5407F11D104F12800A68C88
:104240006FF00F0C89C801EB0641401E02EB032200
:10425000104322680CEB071318430843D060206E0C
:1042600030B12068626ED0F8C0101143C0F8C010A1
:10427000D4E917126846D14209D02168A36E51F8DB
:10428000C82F50F8233022F007021A430A60216C2D
:1042900049B12168626C51F8BC3F50F8226023F0AC
:1042A000070232430A60A16C51B12168E36C51F8F6
:1042B000BC2F50F8233022F0700242EA03120A6049
:1042C000216D51B12168626D51F8BC3F50F8220058
:1042D00023F4E06242EA002008602068A84204D18A
:1042E0006068816821F003018160C4F89480012135
:1042F000C4F89C8084F898102046FDF70BFCF9E682
:1043000090EC000800A0004010B5B6B0044614219F
:104310002FA8FCF787F8BC216846FCF783F81D49F5
:104320002068884233D14FF4004000904103684632
:104330001B9100F065FE08B1FDF78DFB1648016882
:1043400041F480710160006800F48070349012487C
:104350000C38016841F00101016000684FF4C05160
:10436000002200F00100349002200923CDE92F1033
:1043700033932FA9CDE93120084800F0F1F800224D
:104380000521132000F0B0FA132000F09FFA36B098
:1043900010BD000000A00040EC440258000002588C
:1043A000704700002DE9FC410646C8077DD04F4A02
:1043B00040216B463046FFF72DFCBDF80000DFEDD5
:1043C0004C0ABDF80420002540BABDF8021000B226
:1043D000484B00EE100A52BA10B2B8EEC00A49BA01
:1043E00009B220EE200A10EE102A9A4204DC10EEE8
:1043F000102A414B9A4204D9404A12680AB1404AF5
:10440000157000EE901A404C01EE100AF8EEE00A2A
:10441000F2EE042AB8EEC11A208860EEA20A9FEDDF
:10442000392ADFED3A1A616800EB800061EE211A4B
:1044300080EE821A01EB800080ED020A208861681C
:1044400000EB800001EB800080ED031A208861689A
:1044500000EB800001EB8000C0ED041A2088626848
:104460009DF8061000EB800002EB800001712188AE
:1044700062689DF8070001EB810102EB8101487140
:10448000002006F037F921886268214F01EB810195
:1044900042F8210038684FF0FF3108F021F878B970
:1044A0002088616800EB800000E01DE001EB8001E6
:1044B0000E4814222830FBF79CFF386807F0E8FF0D
:1044C0002088401C20802088802808D36068A1684C
:1044D0006160A06025800F48006808F065F8002240
:1044E00030460121FFF7DCFABDE8FC81240D0024F1
:1044F000CDCCCC3D000048430000A0C00C000024FF
:10450000C50000240000FC41480000240AD7233CD9
:10451000180000241C000024704790F8981001290E
:1045200007D0D0F89C1041F00401C0F89C10012085
:104530007047022180F89810002201688B6923F0EF
:1045400001038B61C0F89C2010467047704770478C
:1045500070477047704770477047704770477047A3
:104560002DE9F84F03247D4D00234FF001094FF052
:10457000B04B4FF00F0AE9E009FA03F73A4076D062
:104580000E7906F00306012E01D0022E18D1D0F8C4
:1045900008C04FEA430ECE6804FA0EF82CEA080C65
:1045A00006FA0EF646EA0C068660D0F804C00E79CC
:1045B0002CEA070CC6F300169E4046EA0C0646603D
:1045C0000E79F643B6070BD0C6684FEA43088F68EA
:1045D00004FA08FC26EA0C0607FA08F73743C76016
:1045E0000E7906F00306022E12D1DE080F694FEA9B
:1045F000437C00EB8606B646366A4FEADC6C0AFA64
:104600000CF807FA0CF726EA08063743CEF82070B4
:104610000F7906684FEA430807F0030704FA08FC1D
:1046200007FA08F726EA0C06374307604E6816F4C7
:10463000403F1CD04A4E376847F002073760366863
:104640009F0706F00206009623F0030606F1B04627
:10465000B6463F0FD6F80864DFF808810AFA07FC6F
:10466000404526EA0C0603D14FF0000C41E06CE017
:10467000DFF8F4C0604502D14FF0010C39E0DFF8FB
:10468000ECC0604502D14FF0020C32E0DFF8E0C030
:10469000604502D14FF0030C2BE0DFF8D8C0604535
:1046A00002D14FF0040C24E0DFF8CCC0604502D109
:1046B0004FF0050C1DE0DFF8C4C0604502D14FF09B
:1046C000060C16E0DFF8B8C0604502D14FF0070CC9
:1046D0000FE0DFF8B0C0604502D14FF0080C08E0F1
:1046E000DFF8A4C0604502D14FF0090C01E04FF0A3
:1046F0000A0C0CFA07FC4CEA060CCEF808C44F680A
:10470000DBF80060FF0226EA020600D516435F468A
:10471000CBF80060D1F804C0DBF804605FEA8C2CB1
:1047200026EA020600D516437E606E684F6826EAC8
:104730000206BF0300D516436E602E684F6826EA56
:104740000206FF0300D516432E605B1C0A6832FA8E
:1047500003F67FF411AFBDE8F88F00008000005829
:10476000F44402580000025800040258000802589D
:10477000000C025800100258001402580018025889
:10478000001C025800200258002402580AB181611E
:1047900070470904FBE7000001480068000C7047FF
:1047A0000010005C01488068704700002000002471
:1047B000024881680278114481607047200000241B
:1047C000032010B500F0B0F801F026FA0F4A1049A6
:1047D00014681368C4F3032203F00F038A5CC95CF6
:1047E00002F01F0201F01F01D0400A4A20FA01F135
:1047F000116009490860012000F010F808B101209B
:1048000010BD00F051F8002010BD000018440258FF
:1048100004ED0008300000242C00002410B51028FE
:1048200004468AB02DD2002201461C2000F05CF81C
:104830001C2000F04BF8184804601848016841F04B
:1048400001010160006809A900F0010008906846B4
:1048500001F06EF90598B8B101F0BAF940001049BD
:10486000002240F2E733B0FBF1F10E484FF08044F4
:104870000460C0E90332491EC0E9011202F047FAA0
:1048800028B101200AB010BD01F0A2F9E7E7054800
:1048900002F070FAF6E7000024000024E844025811
:1048A00040420F0050080024074882B0016841F0E0
:1048B00002010160006800220F2100F00200009058
:1048C000901E02B000F010B8F4440258002809DB32
:1048D000410900F01F028900012001F1E021904010
:1048E000C1F80001704700000E4BF0B41B680D4684
:1048F000C3F30223C3F10706042E00D90426191DB1
:10490000072901D2002300E0DB1E012404FA06F18E
:104910009C40491E2940641E994014402143F0BC2C
:1049200004F0D8BE0CED00E0064900F0070210B517
:104930004FF6FF040868044B204040EA0220184369
:10494000086010BD0CED00E00000FA05134970B5D9
:104950000A68D243520705D5096801F00701814270
:1049600013D118E00A6822F0070202430A60FFF739
:1049700019FF0A4D4FF47A760446083D07E000BF60
:10498000FFF710FF001BB04201D9012070BD28685D
:10499000C0438004F4D4002070BD00000C480258CD
:1049A00010B501F0F3F805490968054AC1F3021191
:1049B000515C01F01F01C84010BD000020440258A6
:1049C00004ED00084A4930B5494C0B1D0A680C3407
:1049D00009681D68246802F0030305F00102C1F3B1
:1049E0000511C4F3CC04002914FB02F200EE102AD6
:1049F000F8EE400A76D0414A9FED3E1ADFED3E1AAE
:104A0000B7EE000A23B1012B5AD0022B18D15CE07B
:104A1000374C283C23689B0612D5394B246801EE9D
:104A2000901A1168C4F3C104F8EE612AE34001EE64
:104A3000903AC1F30801F8EE611A81EEA22A07E06C
:104A400002EE101A1168F8EE422A81EEA22A45E021
:104A500001EE901A1168F8EE611A40EE811A71EEBB
:104A6000800A62EE200AC1F3462101EE101AB8EE68
:104A7000411A31EE001AC0EE811ABCEEE11A80ED47
:104A8000001A1168C1F3064101EE101AB8EE411A7E
:104A900031EE001AC0EE811ABCEEE11A80ED011A67
:104AA0001168C1F3066101EE101AB8EE411A31EE39
:104AB000000A80EE801ABCEEC10A80ED020A30BD09
:104AC00001EE901ADFED0F2A03E001EE901ADFED00
:104AD0000E2A1168F8EE611A82EEA12AC1F30801CC
:104AE000B6E7FFE7002101604160816030BD000052
:104AF00028440258000000390024744C3044025805
:104B00000090D0030024744A20BCBE4B494930B504
:104B1000484C0B1D0A68143409681D68246802F0AB
:104B20000303C5F30012C1F30531C4F3CC0400291B
:104B300014FB02F200EE102AF8EE400A75D03F4A4C
:104B40009FED3D1AB7EE000A6BB1DFED3D1A012B68
:104B500001D0022B64D002EE101A1168F8EE422A3E
:104B600081EEA22A21E0334C283C23689B0612D513
:104B7000344B246801EE901A1168C4F3C104F8EEB6
:104B8000612AE34001EE903AC1F30801F8EE611AA0
:104B900081EEA22A0BE001EE901ADFED2B2A00BF76
:104BA000F8EE611A116882EEA12AC1F3080101EE44
:104BB000901A1168F8EE611A40EE811A71EE800ABF
:104BC00062EE200AC1F3462101EE101AB8EE411A36
:104BD00031EE001AC0EE811ABCEEE11A80ED001A27
:104BE0001168C1F3064101EE101AB8EE411A31EE18
:104BF000001AC0EE811ABCEEE11A80ED011A1168AC
:104C0000C1F3066101EE101AB8EE411A31EE000A46
:104C100080EE801ABCEEC10A80ED020A30BD04E0CD
:104C200001EE901ADFED092ABAE700210160416028
:104C30008160F3E7284402580000003938440258E4
:104C40000024744A0090D0030024744C20BCBE4B56
:104C5000494930B5484C0B1D0A681C3409681D6869
:104C6000246802F00303C5F30022C1F30551C4F325
:104C7000CC04002914FB02F200EE102AF8EE400AE0
:104C800075D03F4A9FED3D1AB7EE000A6BB1DFEDDC
:104C90003D1A012B01D0022B64D002EE101A1168CC
:104CA000F8EE422A81EEA22A21E0334C283C236808
:104CB0009B0612D5344B246801EE901A1168C4F398
:104CC000C104F8EE612AE34001EE903AC1F3080115
:104CD000F8EE611A81EEA22A0BE001EE901ADFEDE8
:104CE0002B2A00BFF8EE611A116882EEA12AC1F3E7
:104CF000080101EE901A1168F8EE611A40EE811A6F
:104D000071EE800A62EE200AC1F3462101EE101A0C
:104D1000B8EE411A31EE001AC0EE811ABCEEE11A6B
:104D200080ED001A1168C1F3064101EE101AB8EEC9
:104D3000411A31EE001AC0EE811ABCEEE11A80ED84
:104D4000011A1168C1F3066101EE101AB8EE411A9A
:104D500031EE000A80EE801ABCEEC10A80ED020A34
:104D600030BD04E001EE901ADFED092ABAE7002118
:104D7000016041608160F3E7284402580000003977
:104D8000404402580024744A0090D0030024744C1C
:104D900020BCBE4B2DE9F04F944A4FF48079DFF8E8
:104DA00048824845924B89B0924EA8F10405924939
:104DB0004FF080574FEA22144FF0005C2ED1D8F804
:104DC000000000F00700052824D2DFE800F09BB5C2
:104DD0008425AA0003A8FFF7F5FD049809B0BDE8F3
:104DE000F08F6846FFF792FE0098F7E706A8FFF7F6
:104DF0002FFF0698F2E70868C0F3C10022FA00F01E
:104E0000ECE70A68D2057CD5B8427AD12046E5E7BE
:104E10001846E3E70020E1E73046DFE7B0F5007F22
:104E20001AD0DFF8D891B0F5806F26D0B0F5006FBA
:104E300037D04FF4805A50454FF4804B4FD1D8F8BB
:104E4000000000F4E040B0F5005F44D03DDC0028F5
:104E500058D05045DED16FE0D8F8000000F4E07083
:104E6000802838D004DC00284CD04028D2D163E020
:104E7000C028D1D04845CDD153E0D9F8000000F486
:104E80006000B0F5800F26D004DCD8B3B0F5001F69
:104E9000C0D151E0B0F5C00FBED0B0F5000FB9D110
:104EA0003FE0D9F8000000F0E060B0F1007F12D0E0
:104EB00004DC38B3B0F1807FACD13DE0B0F1407F8D
:104EC000AAD0B0F1806FA5D12BE0B0F5405FA3D0A0
:104ED00058459FD125E0086880009BD586E7B0F54E
:104EE000002F4FF4803612D0B04237D1286810F42A
:104EF000803075D0B0428DD1086800018AD56846EF
:104F000001E025E06CE0FFF701FE029866E7D9F8C2
:104F1000000010F440300FD0B04211D0B0F5003F87
:104F200098D128680D6800F040506D077FF569AF93
:104F300000287FF466AF5EE708680001CDD550E732
:104F400008688000C9D506A8FFF782FE089845E7E3
:104F500009688903C1D5604588D159E758452BD1E7
:104F6000D9F8000000F0E040B0F1405F1CD00CDC4C
:104F700090B1B8422CD060458AD108688000ACD589
:104F800006A8FFF765FE079828E7B0F1804F0FD01D
:104F9000B0F1A04F90D11FE0FFF702FD1EE7684679
:104FA000FFF7B4FD019819E70868400795D522E797
:104FB0000868C00591D529E7B0F5004F89D1D8F828
:104FC000000010F0405007D0B84209D0604592D19F
:104FD00008680001E3D41DE708688003FBD517E7E4
:104FE00008688001F7D5F5E6504402580090D003D8
:104FF00040787D010080BB000044025858440258AC
:105000002DE9FC5F044650F8241B002500902E4635
:105010000801FE4FDFF8F8831DD5606E50B1B0F582
:10502000801F0CD0B0F5001F0ED0B0F5401F1DD072
:1050300001250FE0386840F40030386016E00221A6
:10504000201D02F011FE03E00098022102F09CFEF8
:1050500005000BD02E462088C00523D5606D05289D
:105060001ED2DFE800F00C11161B1B00626ED8F890
:10507000001021F440111143C8F80010EBE7386824
:1050800040F40030386009E00021201D02F0ECFD02
:1050900003E00098002102F077FE05466DB100E0C4
:1050A00001252E462088800528D5A06D80281ED099
:1050B0000CDC90B140280ED114E0626DD8F80010DD
:1050C00021F007011143C8F80010EBE7C02813D006
:1050D000B0F5807F10D001250FE0386840F4003033
:1050E000386009E00021201D02F0BEFD03E00098B9
:1050F000002102F049FE054695B12E462088DFF8D2
:105100001093400509F108092CD5D4F8A400B0F596
:10511000800F20D00DDCA0B1B0F5001F0FD115E03D
:10512000A26DD8F8001021F4E0711143C8F8001006
:10513000E4E7B0F5C00F13D0B0F5000F10D0012593
:105140000FE0386840F40030386009E00021201D8D
:1051500002F08AFD03E00098002102F015FE0546EA
:1051600075B12E46208800052DD5D4F8A800B0F1E1
:10517000007F21D00EDCA8B1B0F1807F10D116E005
:10518000D4F8A420D9F8001021F460011143C9F823
:105190000010E7E7B0F1407F13D0B0F1806F10D07E
:1051A00001250FE0386840F40030386009E0002144
:1051B000201D02F059FD03E00098002102F0E4FDFB
:1051C00005466DB12E46206880011FD5A06CD8B170
:1051D00010280FD0202812D0302815D0012514E037
:1051E000D4F8A820D9F8001021F0E0611143C9F8E3
:1051F0000010E8E7386840F40030386004E002212D
:10520000201D02F031FD05466DB12E462088C004F8
:105210002BD5E06DB0F5005F20D00DDCA0B1B0F56E
:10522000805F0FD115E07A48A26C001F016821F061
:10523000300111430160E9E7B0F5405F13D0B0F5EC
:10524000804F10D001250FE0386840F400303860FE
:1052500009E00021201D02F007FD03E00098002175
:1052600002F092FD054685B12E462088800429D59E
:10527000206EB0F5403F23D010DC08B3B0F5803F7E
:1052800014D0B0F5003F0FD115E0E26DD8F8001052
:1052900021F4E0411143C8F80010E6E7B0F5802F93
:1052A0000ED0B0F5A02F0BD001250AE00121201D62
:1052B00002F0DAFC03E00098012102F065FD0546EA
:1052C0008DB12E46208840042AD5D4F8AC00B0F128
:1052D000405F23D010DC08B3B0F1805F14D0B0F190
:1052E000005F0FD115E0226ED8F8001021F4E02104
:1052F0001143C8F80010E5E7B0F1804F0ED0B0F1CF
:10530000A04F0BD001250AE00121201D02F0ACFCCA
:1053100003E00098012102F037FD05466DB12E46ED
:10532000208800041FD5E06ED8B1B0F1805F0ED0A8
:10533000B0F1005F10D0012514E0D4F8AC20D9F80A
:10534000001021F0E0411143C9F80010E8E7386887
:1053500040F40030386004E00121201D02F084FC9C
:1053600005466DB12E462068C0011ED5606CD0B1D7
:1053700001280ED0022811D0032814D0012513E0F3
:10538000E26ED8F8001021F040511143C8F8001027
:10539000E9E7386840F40030386004E00221201D5D
:1053A00002F062FC054685B12E462068DFF85CB04D
:1053B0004002ABF11C0B57D51648016841F48071CF
:1053C0000160FFF7EFF982460EE01148626C001FA2
:1053D000016821F0030111430160E6E7FFF7E2F9FC
:1053E000A0EB0A0064283DD80A480068C005F5D53E
:1053F0007DBBDFF81CA0B4F8B0200AF1200ADAF86F
:10540000001002F4407001F4407105E02C44025891
:105410005044025800480258814211D0DAF8001076
:10542000DAF8002021F4407142F48032CAF80020FA
:10543000DAF8002022F48032CAF80020CAF80010FE
:10544000D4F8B000B0F5807F21D1FFF7ABF901901F
:1054500019E008E0FFF7A6F90199411A41F28830F6
:10546000814210D903252E462078DFF844A4C007D6
:105470003DD0A06F182838D026DC80B3082829D06A
:10548000102825D12CE0DAF800008007E2D5D4F806
:10549000B010C1F30120032858460DD0016821F453
:1054A0007C510160B4F8B020DAF80010C2F30B02AE
:1054B0001143CAF80010D7E7FE4A036802EA111246
:1054C00023F47C511143ECE720280ED028280CD07F
:1054D00001250BE00121201D02F0C6FB04E004E0E1
:1054E0000098012102F050FC05465DB12E4620785F
:1054F00080071ED5606F062819D2DFE800F0160C71
:1055000011161616A26FDAF8001021F038011143B7
:10551000CAF80010EBE70121201D02F0A5FB03E013
:105520000098012102F030FC054675B100E001252C
:105530002E46207840071FD5D4F89000062819D2AF
:10554000DFE800F0160C11161616626FDAF800107C
:1055500021F007011143CAF80010EAE70121201DDC
:1055600002F082FB03E00098012102F00DFC0546E9
:105570009DB100E001252E46207880062BD5D4F879
:105580008C00B0F1405F24D011DC10B3B0F1805F2B
:1055900015D0B0F1005F10D116E0D4F89020D9F802
:1055A000001021F007011143C9F80010E4E7B0F141
:1055B000804F0ED0B0F1A04F0BD001250AE00021A2
:1055C000201D02F051FB03E00098022102F0DCFBF9
:1055D00005468DB12E46207840062BD5D4F898008C
:1055E000B0F5406F24D011DC10B3B0F5806F15D04A
:1055F000B0F5006F10D116E0D4F88C20DAF8001066
:1056000021F0E0411143CAF80010E4E7B0F5805FF3
:105610000ED0B0F5A05F0BD001250AE00021201DBF
:1056200002F022FB03E00098022102F0ADFB0546E8
:105630008DB12E46207800062BD5D4F89C00B0F50D
:10564000C04F24D011DC10B3B0F5005F15D0B0F519
:10565000804F10D116E0D4F89820D9F8001021F42A
:10566000E0511143C9F80010E4E7B0F5004F0ED047
:10567000B0F5204F0BD001250AE00021201D02F0DB
:10568000F3FA03E00098022102F07EFB05464DB1DB
:105690002E46207800071ED5D4F88000B0F5805F34
:1056A0000AD00FE0D4F89C20D9F8001021F4604112
:1056B0001143C9F80010ECE70098022102F064FBE6
:1056C00000B10126D4F88020DAF8001021F440510E
:1056D0001143CAF800102078C00613D5D4F89400FE
:1056E000B0F5807F05D10098022102F04DFB00B19A
:1056F0000126D4F89420D9F8001021F44071114308
:10570000C9F800102068000316D5D4F8A00038B1FD
:10571000B0F5803F09D0B0F5003F0BD001250AE07D
:105720000021201D02F0A0FA03E00098022102F0FF
:105730002BFB054685B12E462068400322D5D4F8C0
:105740008400B0F5801F11D0B0F5001F13D0B0F564
:10575000401F15D0012514E0D4F8A020D9F800107E
:1057600021F440311143C9F80010E5E7386840F4EE
:105770000030386004E00098012102F005FB054686
:1057800055B12E462068C0031CD5E06C70B1B0F551
:10579000803F10D0012514E0D4F88420DAF80010FE
:1057A00021F440111143CAF80010EBE7386840F4C7
:1057B0000030386004E00221201D02F055FA054651
:1057C000CDB12E462068800005D50098022102F058
:1057D000DBFA00B10126206880031BD5E06FB8B169
:1057E000B0F5807F10D0B0F5007F11D0B0F5407FCC
:1057F0000ED001250DE02E48E26C0838016821F436
:10580000803111430160DDE7386840F400303860D2
:10581000F5B32E462068C00207D5226FD8F80010D5
:1058200021F000411143C8F800102068C00008D5DD
:10583000D4F8B420DBF8001021F480411143CBF8F8
:1058400000102068800207D5A26ED8F8001021F061
:1058500080711143C8F80010206840000CD5DBF8B7
:10586000001021F40041CBF80010DBF80010D4F850
:10587000B8201143CBF800102068002807DA0C4844
:10588000226D0838016821F040511143016000E0A9
:1058900014E02068000208D5D4F88820DAF8001057
:1058A00021F440011143CAF8001086B1012003E041
:1058B00054440258CFFFFF00BDE8FC9FE26FDAF8C6
:1058C000001021F440711143CAF80010A2E7002033
:1058D000EDE700002DE9F05F04000F467ED0DFF811
:1058E0003882D8F8000000F00F00B8420CD2D8F887
:1058F000001021F00F013943C8F80010D8F800005B
:1059000000F00F00B84269D12078844D40070AD5D5
:105910002069296801F07001884204D9296821F0C2
:1059200070010143296020787C4E361D00070AD59E
:105930006069316801F07001884204D9316821F052
:105940007001014331602078C0060AD5A069316832
:1059500001F4E061884204D9316821F4E061014337
:1059600031602078DFF8B4B180060BF1080B0CD55C
:10597000E1695846DBF8002002F07002914204D938
:10598000026822F070020A430260207880070AD57C
:10599000E068296801F00F01884204D9296821F0E4
:1059A0000F01014329602078C0073ED05B49A268FF
:1059B0002868183920F47060104328606068022855
:1059C00018D0032819D00968012819D049070029DF
:1059D0004ADADFF848A1AAF1080A00E044E0DAF860
:1059E000002022F007020243CAF80020FEF7DAFE88
:1059F000814612E009688903E9E709688901E6E759
:105A0000C905E4E7FEF7CEFEA0EB090141F28830BC
:105A1000814202D90320BDE8F09F6168DAF80000F6
:105A200000F03800B0EBC10FECD1207880070AD528
:105A3000E068296801F00F01884204D2296821F04A
:105A40000F0101432960D8F80010404601F00F0112
:105A5000B9420BD9016821F00F0139430160006898
:105A600000F00F00B84201D00120D4E720784007B1
:105A70000AD52069296801F07001884204D229689A
:105A800021F0700101432960207800070AD5606980
:105A9000316801F07001884204D2316821F0700150
:105AA000014331602078C0060AD5A069316801F44D
:105AB000E061884204D2316821F4E0610143316041
:105AC000207880060CD5E1695846DBF8002002F00A
:105AD0007002914204D2026822F070020A4302600E
:105AE00000F09AF80E492A682B68C2F3032203F0EB
:105AF0000F038A5CC95C02F01F0201F01F01D04055
:105B0000084A20FA01F11160074908600748006857
:105B1000BDE8F05FFEF782BE002000521844025834
:105B200004ED0008300000242C0000242400002490
:105B300070B5144C3F220260124A24680832131DCB
:105B4000114D04F00704446016681C1D06F47066CD
:105B50008660166806F00F06C660126802F07002D2
:105B600002611A6802F0700242611A6802F4E0628F
:105B70008261226802F07002C261286800F00F00A2
:105B8000086070BD104402580020005230B500F08B
:105B900043F80B4A0B490C4B15681468C5F30322F4
:105BA00004F00F048A5C095D02F01F0201F01F017E
:105BB000D040064A20FA01F119601060084630BD55
:105BC0001844025804ED0008300000242C00002482
:105BD00000B5FFF7DBFF05490968054AC1F302116B
:105BE000515C01F01F01C84000BD00001C44025878
:105BF00004ED000800B5FFF7C9FF05490968054A2B
:105C0000C1F30221515C01F01F01C84000BD00003A
:105C10001C44025804ED0008454970B54548096820
:105C2000434B103B11F0380208D00111082A03D071
:105C3000102A0BD0182A0BD0084670BD19688906A7
:105C4000FBD51968C1F3C101C84070BD3A4870BDA9
:105C50003749374D18310C1D24350A680968266804
:105C60002D6802F0030406F00102C1F30511C5F32B
:105C7000CC0515FB02F200EE102AB8EE400AE9B39B
:105C80002F4ADFED2E0AB7EE001A6CB1DFED2D1AA8
:105C9000012C01D0022C43D002EE101A1068F8EE4D
:105CA000422A81EEA22A1EE01C68A40611D51B68B8
:105CB00001EE901A1168C3F3C103F8EE612AD840CF
:105CC00001EE900AC1F30800F8EE611A81EEA22AF3
:105CD0000BE001EE901ADFED1C2A00BFF8EE611A0E
:105CE000106882EEA12AC0F3080001EE900AF8EED7
:105CF000611A40EE201A31EE810A00E015E022EE32
:105D0000000A1068C0F34620401C00EE900AF8EE2E
:105D1000600A80EE201ABCEEC10A10EE100A70BDB7
:105D200001EE901ADFED092AD8E7002070BD0000CF
:105D3000104402580090D00340787D0100000039E3
:105D4000304402580024744A0024744C20BCBE4BDA
:105D50002DE9F05F04007DD0FF4F2078FE4D18370D
:105D6000DFF8F493103DC00748D0D9F80000396837
:105D700000F03800102815D0182803D101F00300D6
:105D800002280FD06068B0F5803F12D010B1B0F596
:105D9000A02F18D0286820F480302860286820F4CC
:105DA000802009E02868800328D560680028D2D0C8
:105DB00024E0286840F480302860606888B1FEF7ED
:105DC000F1FC064609E0286840F480202860F0E7EE
:105DD000FEF7E8FC801B64286FD828688003F7D59D
:105DE0000CE0FEF7DFFC064605E000BFFEF7DAFC3C
:105DF000801B6428F0D828688003F7D4207841F20B
:105E00000308D54E0C3E800769D5D9F800003968E3
:105E100010F038000ED0182801D188070AD0E068A9
:105E200090B3296821F0190101432960FEF7BAFCFB
:105E3000824631E02868400702D5E06800288AD011
:105E4000E168286820F0190008432860FEF7AAFCE2
:105E5000824607E0DFE000BFFEF7A4FCA0EB0A00EB
:105E60000228B9D828684007F6D500BFFEF794FC91
:105E700040451BD82069402812D0316821F47C317C
:105E800041EA003030602AE018E000BFFEF78AFCEB
:105E9000A0EB0A0002289FD828684007F6D5E5E75E
:105EA000306820F47C3040F40030EBE7207C31682F
:105EB00021F0FE4141EA0060E4E70DE1286820F0AE
:105EC00001002860FEF76EFC824605E0FEF76AFCE2
:105ED000A0EB0A0002288DD828684007F6D4207865
:105EE000C0065DD5D9F80000DFF86CB2396800F063
:105EF0003800ABF1040B082810D0182803D101F0AA
:105F0000030001280AD0E0690028286838D040F052
:105F100080002860FEF746FC824623E02868C00522
:105F200023D5E069802876D11FE0206A202821D07F
:105F3000316821F0F84141EA8060306030E000BF14
:105F400094F82010DBF8002022F07C5242EA016134
:105F5000CBF8001024E000BFFEF724FCA0EB0A0001
:105F6000022898D82868C005F6D5FEF715FC4045EC
:105F7000E6D8DAE7306820F0F84040F08040DCE70F
:105F800020F080002860FEF70DFC064605E000BF0B
:105F9000FEF708FC801B02289DD82868C005F7D4AE
:105FA0002078000729D56C48616964300029804653
:105FB000016811D041F001010160FEF7F3FB0646D4
:105FC00005E000BFFEF7EEFB801B0228C9D8D8F819
:105FD00000008007F6D510E021F001010160FEF716
:105FE000E1FB064605E000BFFEF7DCFB801B022854
:105FF00072D8D8F800008007F6D42078800623D520
:10600000A0690028286810D040F480502860FEF76E
:10601000C9FB064605E02CE1FEF7C4FB801B022805
:106020005AD828688004F7D50EE020F48050286004
:10603000FEF7B8FB064604E0FEF7B4FB801B02281F
:106040004AD828688004F7D4207840074FD5DFF875
:106050000C81D8F8001041F48071C8F80010FEF7E8
:10606000A1FB064605E000BFFEF79CFB801B6428F1
:1060700032D8D8F80000C005F6D5374EA068603693
:1060800001280AD008B1052813D0306820F001009B
:106090003060306820F0040002E0306840F0010019
:1060A0003060A06841F2883A90B1FEF77BFB8046F1
:1060B0000AE0306840F004003060EEE7FEF772FB63
:1060C000A0EB0801514507D830688007F6D50EE0EF
:1060D000FEF768FB804607E084E000BFFEF762FB46
:1060E000A0EB080151457DD830688007F6D4606A7E
:1060F000B0B3DFF86480D9F8001008F12008C1F3CC
:10610000C20103296FD00228286820F0807028601F
:1061100003D0FEF747FB044680E0FEF743FB06464C
:1061200005E000BFFEF73EFB801B022873D82868FD
:106130008001F7D4E26A40F2F331386854F8283F1E
:10614000884340EA021018433860217B4FF4FE0C6C
:1061500022894FF0FE4704E01044025800480258DC
:1061600089E0208A4902521E267DA1F5007189B27C
:10617000401EC2F308021143761E0CEA00400143A0
:106180003E4807EA066211433C4AC8F8001008324C
:10619000016821F00101016011684FF6F876236A69
:1061A000B14341EAC30111600168A26921F00C0109
:1061B000114301600168E26921F0020111430160AD
:1061C000016841F480310160016841F400310160EF
:1061D000016841F480210160016841F00101016022
:1061E000286801E017E01DE040F080702860FEF7AD
:1061F000D9FA044605E000BFFEF7D4FA001B0228D6
:1062000009D828688001F7D535E000BFFEF7CAFA43
:10621000001B022802D90320BDE8F09F28688001F6
:10622000F4D428E039680128D8F8000021D0A26A07
:1062300001F0030393421CD1E26AC1F305118A42C3
:1062400017D1216BC0F30802491E8A4211D1616B3C
:10625000C0F34622491E91420BD1A16BC0F3064206
:10626000491E914205D1E16BC0F30660491E81428F
:1062700001D00120D0E70020CEE700002C440258D6
:1062800070477047704770472DE9FC5F0446806B8C
:106290000E46032184F83010002703285CD0B6F5A1
:1062A000004F59D0B6F5804F4FF000054FF400680D
:1062B0004FF0806904D006B3606B40F000603FE0AF
:1062C000009500210195206802F040F980011CD45E
:1062D0006946204602F09AF970BB019840032DD51B
:1062E000B4F844102068090401F0E4FD20BB2068E4
:1062F00002211DE0606B284322E0009500210195FA
:10630000206802F023F9800101D54546F2E769468D
:10631000204602F07BF978B90198C0030ED5B4F895
:1063200044102068090401F0C5FD28B92068002147
:1063300001F00AFE0028DDD00546DBE74D46D9E72F
:106340006063606B4FF4007BDFF8B8A040B1216858
:106350000127C1F838A042E0606B40F08050EFE7C1
:106360004FF48030FEF716FD010033D0264D334642
:10637000D4E904C0B1FBF5F8D4E90192804511D904
:10638000A66D5E450ED0B6F5807F12D04FEA650649
:10639000E8B14FEA4008B1FBF8F8B04502D900BFB8
:1063A000B1FBF5F04946CDE900C0206802F0D2F813
:1063B00015E0164E30B14FEA4008B1FBF8F8A84599
:1063C00002D8EFE7A942EDD9B1FBF6F0EAE7B14216
:1063D000E6D8E7E7606B012740F000606063206863
:1063E000594601F098FD30B122680127C2F838A063
:1063F000616B01436163012084F830003846BDE8D9
:10640000FC9F0000FF0FE01F80F0FA0200E1F5059D
:1064100070470000F0B5C26D920F0A70C26DC2F3F2
:1064200083624A70C26DC2F301628A70C26D120C3F
:10643000CA70B0F85C20120A0A7190F85C204A71A8
:10644000026E120DCA80026EC2F303420A72B0F8E5
:106450006020C2F3C0324A72B0F86020C2F38032CA
:106460008A72B0F86020C2F34032CA72B0F860207D
:106470000026C2F300320A734E730122836B4FF47D
:10648000007463B1012B3AD0036850499963416BA2
:1064900041F08051416380F830200120F0BDB0F818
:1064A0006030456E9B051B0D43EA95730B61436E8F
:1064B000C3F3C2630B75436EC3F302634B75436E44
:1064C000C3F342538B75436EC3F38243CB75436E64
:1064D000C3F3C2330B760D696D1C85640B7E03F02C
:1064E00007039B1C9D4085640B7A446503F00F03F2
:1064F00002FA03F35F0A7D43C0E913350EE090F81A
:106500006050436EAD06AD0A45EA13430B610B695B
:106510005B1C9B028364C0E913434465B0F864309C
:10652000C3F380334B76B0F86430C3F3C6138B7675
:1065300090F8643003F07F03CB76836EDB0F0B772C
:10654000836EC3F341734B77836EC3F382638B77A0
:10655000836EC3F38353CB77836EC3F3405381F8C9
:10656000203081F82160836EC3F3004381F822302C
:10657000B0F86830C3F3C03381F82330B0F8683026
:10658000C3F3803381F82430B0F86830C3F340336C
:1065900081F82530B0F86830C3F3003381F8263035
:1065A000B0F86830C3F3812381F82730B0F8683041
:1065B000C3F3012381F8283090F86800C0F3460047
:1065C00081F8290081F82A200020F0BDFF0FE01F8C
:1065D000826B0A60C26B4A60026C8A60426CCA605D
:1065E000826C0A61C26C4A61026D8A61406DC86149
:1065F0000020704770B5B0F84410002504460068CC
:10660000090401F08EFD18B1616B0143616304E080
:106610002068002101F09AFF0546C5F3432070BDB4
:106620002DE9F041054690F8300090B00C46002668
:10663000032810D06946284602F030F92A4F4FF05F
:10664000010860B12A68012697636A6B02436A6396
:1066500085F830803AE0012010B0BDE8F081009963
:106660004FF47F40C1F3811121700099C1F34011B3
:10667000617000990A4600EA112141EA12616180C5
:10668000019909BA6160029921720299090A61723D
:106690000299C1F30351A172DDE9022100EA12401F
:1066A000C9B20843A0810398C0F38520A073039862
:1066B000C0F30120E0730398C0F303102074039823
:1066C00000F00F0060740498000EA07428684FF466
:1066D000007101F020FC28B12A68012697636863E5
:1066E00085F830803046B7E7FF0FE01F2DE9F8430B
:1066F00004460068E56A416B09041BD5290719D5D2
:10670000D4E90950202813D30026206801F038FF6F
:10671000020A2870010C6A70030EA970761CEB70D7
:10672000082E05F10405F0D3A06A2038C4E9095009
:10673000BDE8F883416B0127DFF8EC810026C9052D
:1067400051D539024CF23A12816329072068C16B96
:1067500021EA0201C1632068C16B21F08051C1634D
:106760002068C16821F04001C16018D515F0220FE2
:1067700009D0206801F022FD28B1616B01436163FB
:106780002046FFF745FE2168AA07C1F8388084F843
:106790003070E66223D1204600F046FAC8E72806AA
:1067A000C6D5206815F0220F86622068C662206870
:1067B000066509D0206801F001FD28B1616B014335
:1067C00061632046FFF724FE15F0300F84F8307027
:1067D000E66202D0204600F027FAA807A8D020469B
:1067E00000F01EFAA4E7416B490421D529071FD503
:1067F000D4E9075020289BD3002628780090697898
:1068000040EA01200090A97840EA01400090E97830
:106810002D1D40EA016000902068694601F0C8FE25
:10682000761C082EE9D3206A2038C4E907507FE798
:10683000416B11F03A0F416B58D0890703D5616B5A
:1068400041F002016163416B090703D5616B41F0BF
:1068500008016163416B890603D5616B41F020013A
:106860006163416BC90603D5616B41F0100161633F
:10687000C0F838802068C16B21F49D71C163206825
:10688000C16821F04001C1602068C16A41F4005133
:10689000C1622068C16841F08001C160206801F0D8
:1068A0008DFC626B2B074FF4006140EA02006063CD
:1068B0002068C26822F08002C2602068816303D52C
:1068C00084F83070E6620DE028068BD5606B0028F6
:1068D00088D02068C16B21F08051C16320680665B3
:1068E00084F830702046FFF793FD21E7C9009ED55C
:1068F0004FF0805181632068006D40074FEA85604A
:1069000008D40028204602DAFFF7BDFC10E7FFF7A5
:10691000B8FC0DE70028204602DAFFF7B3FC07E7D2
:10692000FFF7AEFC04E700003A0F0018F0B50400D2
:1069300085B020D094F83000002518B9204625767F
:1069400000F094F8042084F83000204600F03CF871
:1069500088B969462046FFF763FE60B99DF81010BC
:10696000A26B9DF81100012A08D0A5652046E168B8
:10697000FFF78AFC58B1012005B0F0BD014302D0F9
:106980004FF4007001E04FF48070A065EEE7FDF772
:1069900009FF0127064604E0FDF704FF801B401CA9
:1069A0000AD02046FFF726FE0428F5D16563E5628C
:1069B00084F830700020DFE74FF00040606384F817
:1069C00030700320D8E700002DE9FC4104464FF069
:1069D00000084FF48030FEF7DDF905004FF00106A6
:1069E00020D01F48434642464146B5FBF0F7CDE96B
:1069F0000087206801F0AEFD206801F0BBFD780043
:106A00001849B5FBF0F0B1FBF0F0401CFDF736F88B
:106A1000204601F0E9FE58B184F83060616B014313
:106A2000616319E04FF0006084F83060606313E048
:106A3000204601F05DFE0028EED120684FF4007181
:106A400001F069FA002808D0226807499163616B58
:106A50000143616384F830600120BDE8FC810000DF
:106A600000350C0010210100FF0FE01F2DE9F0435D
:106A7000B5B0044614212FA8F9F7D4FCBC21684610
:106A8000F9F7D0FC2C492068884252D14FF480306D
:106A90000090002668461396FEF7B2FA08B1FAF79E
:106AA000DAFF2648016841F480310160006800F493
:106AB0008030349021480C30016841F004010160BD
:106AC000016801F004013491016841F0080101609E
:106AD00000682FAA02244FF001080325329500F028
:106AE0000800DFF85C904FF4706182E812010C2717
:106AF000CDE933702FA94846FDF732FD2FA9E002FA
:106B000081E85100CDE932574846FDF729FD2FA80D
:106B1000042180E812010B482FA9CDE93257FDF777
:106B20001FFD002205213120FDF7DEFE3120FDF79B
:106B3000CDFE35B0BDE8F08300700052D444025859
:106B400000080258000C02582DE9F0430F001E46C1
:106B500087B00446154607D094F83000012807D0C6
:106B6000022007B0BDE8F083606B40F0006008E0F1
:106B7000216D0020AA1960638A4204D9606B40F03D
:106B80000070606341E0032184F8301022687102D4
:106B9000D062C4E90971A26B012A00D06D024FF0E6
:106BA000020C90230293CDE903C04FF0FF32059011
:106BB000CDE9002180462068694601F05DFB206830
:106BC000012E4FF00109C26842F04002C260206805
:106BD00087652068C0F8509006D98220E06220685E
:106BE000294601F009FA05E08120E0622068294683
:106BF00001F01CFA58B125680849A963616B01438B
:106C0000616384F83090C4F82C800120A9E72068E3
:106C1000C16B41F49571C1630020A2E7FF0FE01F33
:106C200010B5FAF7BDFC10BD10B5FAF7CFFC10BDDA
:106C30002DE9F0470F001E4686B00446154607D0E2
:106C400094F83000012807D0022006B0BDE8F08794
:106C5000606B40F0006008E0216D0020AA196063BD
:106C60008A4204D9606B40F00070606340E0032109
:106C700084F8301022687102D062C4E90771A26BF7
:106C8000012A00D06D024FF0FF324FF0900A0590BC
:106C9000CDE902A0CDE90021049080462068694634
:106CA00001F0EAFA2068C16841F04001C160206843
:106CB0004FF001098765012E2168C1F8509006D96F
:106CC000A020E0622068294601F0A2FA05E0C4F89D
:106CD0002CA02946206801F0B5FA58B12568094A68
:106CE000AA63626B0243626384F83090C4F82C801C
:106CF0000120AAE72068C16B41F48D71C1630020B7
:106D0000A3E70000FF0FE01F70477047704710B502
:106D1000040003D094F83D0010B107E0012010BD3D
:106D2000002084F83C00204600F022F8022084F87D
:106D30003D002068211D01F0F1FF012084F848008A
:106D400084F83E0084F83F0084F8400084F8410055
:106D500084F8420084F8430084F8440084F8450035
:106D600084F8460084F8470084F83D00002010BDF8
:106D70007047000090F83D10012901D001207047B4
:106D8000174A022180F83D100168CB6843F00103E7
:106D9000CB600068904214D0B0F1804F11D01149FF
:106DA00088420ED0104988420BD01049884208D042
:106DB0000F49884205D00F49884202D00E498842C7
:106DC00007D181680D4A1140062906D0B1F5803FF0
:106DD00003D0016841F0010101600020704700000C
:106DE000000001400004004000080040000C00408A
:106DF000000401400018004000400140070001006D
:106E0000704770B50446006800250169C9438907C9
:106E100015D4C168C943890711D4EA1E0261012152
:106E20002177206880698007204602D0FFF7E8FFBD
:106E300004E000F0A7F8204600F0A5F825772068C8
:106E40000169C943490717D4C168C943490713D425
:106E500002216FF00402026121772068806910F43A
:106E6000407F204602D0FFF7CBFF04E000F08AF815
:106E7000204600F088F8257720680169C943090792
:106E800016D4C168C943090712D404216FF008025F
:106E9000026121772068C0698007204602D0FFF791
:106EA000AFFF04E000F06EF8204600F06CF82577A4
:106EB00020680169C943C90617D4C168C943C90616
:106EC00013D408216FF01002026121772068C06995
:106ED00010F4407F204602D0FFF792FF04E000F05C
:106EE00051F8204600F04FF8257720680169C94322
:106EF000C90708D1C168C943C90704D1891E016106
:106F0000204600F041F820680169C943090609D408
:106F1000C168C943090605D46FF0800101612046AC
:106F2000FFF7F3FE20680169C943C90509D4C168A8
:106F3000C943090605D46FF4807101612046FFF74B
:106F4000E3FE20680169C943490609D4C168C94301
:106F5000490605D46FF040010161204600F01BF89E
:106F600020680169C94389060BD4C168C9438906F1
:106F700007D46FF0200101612046BDE87040FFF7A3
:106F8000C5BE70BD704770470068B0F1804F01D139
:106F9000FDF70EBC7047704730B590F8801001299E
:106FA00018D0012280F880202421C0F8841000220B
:106FB000202450F8641B0B680D6823F0005325F063
:106FC00001050D60026050F8641C0B6004620277DA
:106FD000104630BD022030BD10B50446D0F8880000
:106FE000202820D181B17AB194F8800001281AD0EC
:106FF000012084F88000E066204602F063FA002851
:1070000003D1E16E012901D0012010BD22681021B9
:107010001162226852E8001F41F0100142E800139B
:10702000002BF6D110BD022010BD00002DE9F0416B
:1070300004461A480E464FF00007844213D1184DFB
:10704000802184F88070A81C2E80F9F7EBF905F1F7
:1070500082013246A81C8846F9F7CBF90F488022F6
:107060004146FFF7B9FF0F48844215D10E4D8021EC
:1070700084F88070A81C2E80F9F7D4F905F18201FC
:107080003246A81C0C46F9F7B4F921460548BDE87C
:10709000F0418022FFF7A0BFBDE8F0815005002439
:1070A0009C080024E00500249E090024704770B568
:1070B000044690F8800001281DD0012284F8802029
:1070C0002420C4F8840020680568026822F00102C8
:1070D00002602068826822F060620A438260204673
:1070E00001F07EFE2268202100201560C4F8841083
:1070F00084F8800070BD022070BD70B5044690F821
:10710000800001281DD0012284F880202420C4F8AA
:10711000840020680568026822F00102026020688D
:10712000826822F060420A438260204601F058FEE5
:107130002268202100201560C4F8841084F88000A3
:1071400070BD022070BD7047704770472DE9F04157
:1071500003680446002540F60F06D86919689A6846
:10716000304209D186067DD501F0200602F0805715
:107170003E4377D0216F62E1C64EC74F16400F40A5
:1071800037436FD0C70709D0CF0507D501271F6246
:10719000D4F88C3043F00103C4F88C3083070AD54F
:1071A000D30708D0276802233B62D4F88C3043F021
:1071B0000403C4F88C3043070AD5D30708D02768E6
:1071C00004233B62D4F88C3043F00203C4F88C30C3
:1071D00003070CD501F02003334308D026680823A9
:1071E0003362D4F88C3043F00803C4F88C300305C4
:1071F0000BD54B0109D526684FF400633362D4F8F0
:107200008C3043F02003C4F88C30D4F88C30002B41
:107210003AD0800609D501F0200002F080510843E1
:1072200003D0216F09B1204688472168D4F88C002B
:107230008968490602D410F0280F27D0204601F0B3
:1072400029FF2068806840061BD52068083050E878
:10725000001F21F0400140E80012002AF5D1E06F44
:1072600078B100E018E08D490165E06FFBF720FC84
:10727000002809D0E06F016D00E02046BDE8F04134
:1072800008472046FFF761FFBDE8F0812046FFF781
:107290005CFFC4F88C50F7E7E76E2026012F7CD105
:1072A000C7067AD5CF0678D5102018622068806886
:1072B00040067DD5E16F7A4A0868904234D0784A1A
:1072C0001832904230D0764A303290422CD0744AF4
:1072D0004832904228D0724A6032904224D0704A9C
:1072E0007832904220D06E4A903290421CD06C4A44
:1072F000A832904218D06B4A904215D0694A183291
:10730000904211D0674A303290420DD0654A4832DF
:10731000904209D0634A6032904205D0614A783287
:10732000904201D05F4A903240680004000CABD01C
:10733000B4F85C208242A7D9A4F85E00C869B0F511
:10734000807F2ED0216851E8000F20F4807041E842
:107350000002002AF6D12068083050E8001F21F012
:10736000010140E80012002AF5D12068083050E8F9
:10737000001F21F0400140E80012002AF5D1C4F8B6
:107380008860E566216851E8000F20F0100041E8B0
:107390000002002AF6D1E06F01E03BE008E0FBF7D5
:1073A000D7F9B4F85C00B4F85E10401A81B22DE051
:1073B000B4F85C00B4F85E10B4F85E20401A81B2F4
:1073C000002AB4D00029B2D0226852E8000F20F47D
:1073D000907042E80003002BF6D1334B226802F193
:1073E000080252E8000F00EA030042E80007002FFD
:1073F000F4D1C4F88860E5662567226852E8000F7A
:1074000020F0100042E80003002BF6D12046FFF7E1
:107410000DFE39E7C70209D5570207D54FF4801092
:1074200018622046BDE8F041FFF78EBE03060AD57C
:1074300001F0800302F40002134304D0616F0029BD
:107440007FF41BAF20E7420611D54A060FD5204630
:10745000026852E8001F21F0400142E80013002BAF
:10746000F6D1C0F88460456700F0FAF90CE7020233
:1074700006D54A0004D52046BDE8F041FFF763BEBB
:10748000C001C6D50029C4DA2046BDE8F041FFF7A7
:107490000DBE000001000010200100044D8F000807
:1074A0001000024010040240FEFFFFEF10B5040080
:1074B00003D0D4F8840010B107E0012010BD0020F3
:1074C00084F88000204600F027F82420C4F88400C7
:1074D0002068016821F001010160204601F01CFED6
:1074E0000128EBD0A06A10B1204601F09BFC206877
:1074F000416821F4904141602068816821F02A01AF
:1075000081602068016841F0010101602046BDE80A
:10751000104001F0EBBC00002DE9F04FB5B006467D
:1075200014212FA8F8F77EFFBC216846F8F77AFFF0
:107530006949022530680024664F4FF4806988420B
:107540004FF007084FF0400B64D14FF0010ACDF81F
:1075500000A068461E94FDF753FD08B1FAF77BFAC8
:107560005C481030016841F010010160006800F0D3
:1075700010003490386840F001003860386831AA53
:10758000474600F0010034904FF40070CDE92F051C
:1075900082E8B00051482FA9FCF7E2FFCDF8C4A063
:1075A0002FA9CDE92F954D48C846CDE93257FCF7B4
:1075B000D7FF4B4F2A234B4A3846C0E903487C612A
:1075C000BC61FC613C6287E80C087C62FBF726FF2B
:1075D00008B1FAF740FA424D2923424A7835B76795
:1075E0001832BE63284685E81C00C5E903486C6173
:1075F000AC61EC612C626C62FBF710FF08B1FAF72A
:107600002AFAF56700220621AE632520FDF76CF902
:10761000252059E03449884258D1684600951D9488
:10762000FDF7EEFC08B1FAF716FA2A4808300168AF
:1076300041F480210160006800F4802034903868B3
:1076400040F00200386038684FF44061CDE92F15F2
:1076500000F002002FA9CDE933802448CDE931455F
:10766000FCF77EFF1E4F2E231E4AC846F0373032ED
:107670003846C7E903497C61BC61FC613C627C62BD
:1076800087E80C08FBF7CAFE08B1FAF7E4F9184DD1
:107690002D221449B76728464831BE6385E8160095
:1076A000C5E903486C61AC61EC612C626C62FBF76C
:1076B000B5FE08B1FAF7CFF9F56700220521AE63F0
:1076C0002720FDF711F92720FDF700F935B0BDE8B7
:1076D000F08F0000E0440258001001400000025802
:1076E00070060024100002400048004000040258C8
:1076F000D8070024704770472DE9F8430446D0F8B6
:1077000084001F4616460D46202852D1DDB1D6B161
:1077100094F8800001284CD0012084F880002122B8
:107720004FF00008C4F88C80C4F884201834FDF7AA
:1077300039F8814654F8100CA687E687183CB0F556
:10774000805F03D004E00120BDE8F883206920B108
:107750002E46002584F8808010E00026FAE780217C
:10776000204601F003FFB8B9C6B116F8010B216835
:107770008862B4F85600401EA4F85600B4F85600CB
:107780004B464FF0000200970028E8D14FF040012F
:10779000204601F0EBFE38B10320D5E735F8020BA7
:1077A0002168C0F30800E3E72020C4F8840000202B
:1077B000CAE70220C8E7000070B50446D0F884008C
:1077C000202844D181B37AB394F8800001283ED0B8
:1077D000A4F85420A4F856200025A06F01232165A9
:1077E000212184F88030C4F88C50C4F88410E8B1AA
:1077F00018491346C163A16F17480864A16F174861
:10780000C864A06F05652068A66F00F12802216D8D
:107810003046FBF7E5FF48B11021C4F88C1020205A
:1078200084F88050C4F88400012070BD2168402095
:10783000086284F880502068083050E8001F41F04A
:10784000800140E80012002AF5D1002070BD02201E
:1078500070BD00004B9000088B900008618F0008FD
:1078600070477047FEE78068C0F3C00070478068CB
:10787000C0F3800070478068C0F380007047C06824
:1078800010F4406F01D0002070470120704710B500
:10789000042404EAD1540723C1F3045120448B404B
:1078A0008A40416999431143416110BD30B58BB0A5
:1078B000002468461C21079408940994F8F7B2FD47
:1078C0001E484FF440251C4B08210122C0E9003519
:1078D000C0E9021401610323047549024275826103
:1078E00004774462C0E90A43C0E90C1480F83840C8
:1078F000FAF72AFD08B1FAF7AEF8104807A907947D
:10790000FAF79EFA08B1FAF7A6F806200C49042304
:1079100040F2FF72CDE9001002A981E81D0007487E
:1079200069468DF81940FAF71FFB002801D0FAF7D5
:1079300092F80BB030BD0000002002405803002434
:107940000000B84F194808B5016841F00101016015
:1079500000680022052100F0010000900B20FCF7D8
:10796000C3FF0B20FCF7B2FF002205210C20FCF71F
:10797000BBFF0C20FCF7AAFF002205210D20FCF71D
:10798000B3FF0D20FCF7A2FF002205210E20FCF71B
:10799000ABFF0E20FCF79AFF002205210F20FCF719
:1079A000A3FFBDE808400F20FCF790BFD844025861
:1079B00010B503490348FAF750F80349087010BDA1
:1079C000F50000241CED0008F400002418480021F4
:1079D0002DE9F041154F08238160052507600B262E
:1079E000C16001240174042241748174C661C0E93C
:1079F0000553C0E90835C0E90A36C0E90C31C0E9D1
:107A00000E410464C0E91121C0E91321C0E9152128
:107A1000C0E91714C0E91912FCF754FB002803D081
:107A2000BDE8F041FAF717B8BDE8F08100A00040CA
:107A30003404002430B5A7B0002523A8239524954D
:107A400004F01CFD204C0121606125A82595269598
:107A500004F07AFD1D491C22A0616846F8F7C9FCB4
:107A60000021684604F0FCFD18491C22206007A88C
:107A70001C31F8F7BEFC002107A804F0F1FD134902
:107A80001C2260600EA83831F8F7B3FC00210EA864
:107A900004F0E6FD0D491C22A06015A85431F8F74A
:107AA000A8FC002115A804F0DBFD08491C22E060B9
:107AB0001CA87031F8F79DFC00211CA804F0D0FD33
:107AC000206127B030BD000004000024ECEB00086A
:107AD00030B587B014216846F8F7A4FC2248016845
:107AE00041F480710160016801F4807105910168C1
:107AF00041F080010160016801F080010591016899
:107B000041F001010160016801F001010591016886
:107B100041F002010160016801F002010591016874
:107B200041F004010160016801F004010591016860
:107B300041F008010160006801220C4DD40200F000
:107B40000800214605902846FCF720FE01AB009472
:107B500001200021022283E8070069462846FCF73D
:107B6000FFFC07B030BD0000E0440258002002587E
:107B7000074800214FF4804310B5044C0222C0E9AD
:107B80000041C0E90213C0E9041210BD00700052A8
:107B9000D40400241848002110B5164C0C224FF4D0
:107BA00061230460C0E90131C160C0E90412816150
:107BB000C161016241628162FFF778FC08B1F9F7A7
:107BC0004AFF0D480021FFF798FA08B1F9F743FF83
:107BD00009480021FFF76BFA08B1F9F73CFF0648A6
:107BE000FFF7DAF9002803D0BDE81040F9F733BFFA
:107BF00010BD00000010014050050024184800216D
:107C000010B5164C0C224FF461230460C0E9013119
:107C1000C160C0E904128161C16101624162816297
:107C2000FFF744FC08B1F9F716FF0D480021FFF7F4
:107C300064FA08B1F9F70FFF09480021FFF737FA96
:107C400008B1F9F708FF0648FFF7A6F9002803D0A6
:107C5000BDE81040F9F7FFBE10BD0000004800402D
:107C6000E0050024FEE7FEE72DE9F047454D044618
:107C700089464FF0000A2868C04380070AD0414E69
:107C8000283E306820F080603060FCF78BFD0746AE
:107C9000B04608E00120BDE8F08700BFFCF782FD98
:107CA000C01B022867D8D8F800000001F6D420686D
:107CB00029684FF4FE0721F47C313E0241EA00308E
:107CC0002860207AA389B4F804C040022D4D2D49C4
:107CD0005B1E227CACF1010C1035091DA0F5007073
:107CE00080B2521ECCF3080C07EA034340EA0C00B2
:107CF000184306EA0262104328600868626920F0AF
:107D0000C000104308600A68A06922F02002024304
:107D10000A60281D0A6822F010020A6002684FF605
:107D2000F873E4699A4342EAC40202600868B9F150
:107D3000000F40F010020A6011D00868B9F1010F7D
:107D400011D040F400100860D8F80000444640F01C
:107D50008060C8F80000FCF725FD05460DE00868C6
:107D600040F40020EFE740F48010ECE7FCF71AFD48
:107D7000401B022801D903208DE720680001F5D5BA
:107D8000504688E7284402582DE9F047454D0446FF
:107D900089464FF0000A2868C04380070AD0414E48
:107DA000283E306820F080503060FCF7FBFC07462E
:107DB000B04608E00120BDE8F08700BFFCF7F2FC08
:107DC000C01B022867D8D8F800008000F6D42088AD
:107DD00029684FF4FE0721F07C713E0241EA005011
:107DE0002860207AA389B4F804C040022D4D2D49A3
:107DF0005B1E227CACF1010C1835091DA0F500704A
:107E000080B2521ECCF3080C07EA034340EA0C0090
:107E1000184306EA0262104328600868626920F489
:107E20004060104308600A68A06922F400720243AF
:107E30000A60281D0A6822F480720A6002684FF600
:107E4000F873E4699A4342EAC40202600868B9F12F
:107E5000000F40F480720A6011D00868B9F1010F78
:107E600011D040F080700860D8F80000444640F01F
:107E70008050C8F80000FCF795FC05460DE0086846
:107E800040F48000EFE740F40000ECE7FCF78AFCE8
:107E9000401B022801D903208DE720688000F5D51A
:107EA000504688E7284402580148FEF71FBC0000EE
:107EB000D404002430B585B0044637204FF48072D6
:107EC0000DF1080CCDE9001000236946150120468C
:107ED0008CE82C0000F058FB372141F28832204614
:107EE00000F0DEF905B030BD30B585B0044629207C
:107EF0004FF480720DF1080CCDE9001000236946A3
:107F0000150120468CE82C0000F03EFB204600F0D6
:107F100083FA05B030BD30B50446102085B00DF1B0
:107F2000080C02010502CDE90010002369468CE827
:107F30002C00204600F028FB102141F28832204618
:107F400000F0AEF905B030BD30B585B0044606206E
:107F50004FF480720DF1080CCDE900100023694642
:107F6000150120468CE82C0000F00EFB062141F2A2
:107F70008832204600F094F905B030BD30B585B0A8
:107F80000546002469464FF4805000940194029401
:107F9000CDE90340284600F0F7FA0B4A4FF4FA50B7
:107FA00041F288311268B2FBF0F04843401E03D220
:107FB0004FF0004005B030BD696B0906F6D50349A6
:107FC0002046A963F6E700002C000024C50020002D
:107FD00030B50821044685B04FF4D5704A0100231E
:107FE0004D028DE82F006946204600F0CDFA20466C
:107FF00000F07CFA05B030BD30B585B004461220E3
:108000004FF480720DF1080CCDE900100023694691
:10801000150120468CE82C0000F0B6FA122141F23E
:108020008832204600F03CF905B030BD30B585B04F
:10803000044611204FF480720DF1080CCDE90010B8
:1080400000236946150120468CE82C0000F09CFABC
:10805000112141F28832204600F022F905B030BDEE
:1080600030B585B0044607204FF480720DF1080C3E
:10807000CDE9001000236946150120468CE82C004C
:1080800000F082FA072141F28832204600F008F918
:1080900005B030BD10B585B00446002102204FF474
:1080A0004072C3020493CDE90010CDE90221694674
:1080B000204600F069FA204600F084F905B010BDB2
:1080C00030B585B0044609200DF1080C0023CDE938
:1080D00000104FF4407269464FF4805520468CE8FA
:1080E0002C0000F051FA204600F06CF905B030BDCC
:1080F00010B585B00446002133204FF48072CDE9DD
:108100000221CDE90010130169462046049300F0D6
:108110003BFA332141F28832204600F0C1F805B025
:1081200010BD30B585B004460D204FF480720DF1BE
:10813000080CCDE9001000236946150120468CE8A3
:108140002C0000F021FA0D2141F28832204600F087
:10815000A7F805B030BD30B585B00C460021054606
:1081600003204FF48072CDE90221CDE90010130104
:1081700069462846049300F007FA03212246284660
:1081800000F06EF905B030BD10B585B00446002191
:108190000D204FF48072CDE90221CDE900101301CA
:1081A00069462046049300F0EFF90D2141F2883230
:1081B000204600F075F805B010BD000010B585B080
:1081C00004464FF4807200200C2113018DE8070053
:1081D000CDE90303E06840F08000E060E06820F053
:1081E0004000E0606946204600F0CEF9074A0C21C5
:1081F000204600F055F8E168B0F1007F21F08001E1
:10820000E16000D1002005B010BD000000E1F505DF
:1082100030B585B0044619204FF480720DF1080C7A
:10822000CDE9001000236946150120468CE82C009A
:1082300000F0AAF9192141F28832204600F030F806
:1082400005B030BD30B585B0044618204FF48072BB
:108250000DF1080CCDE900100023694615012046F8
:108260008CE82C0000F090F9182141F28832204669
:1082700000F016F805B030BD70B50A6842624A6871
:108280008262C46AD1E90225D1E9043624F0FF01F3
:108290002A4333431A431143C162002070BD0000DA
:1082A00030B5464D4FF4FA53434C2D68B5FBF3F30C
:1082B00053435B1E02D24FF0004030BD426B22425E
:1082C000F7D09204F5D4426B520703D504218163A1
:1082D000084630BD426BD20702D00121816306E01F
:1082E000354A803282630269D2B28A4201D00120CB
:1082F00030BD002100F02AF93149084201D10020A7
:1083000030BD002802DA4FF0007030BD410001D5C9
:10831000402030BD810001D5802030BDC10002D594
:108320004FF4807030BD010102D54FF4007030BDB4
:10833000410102D54FF4806030BDC10102D54FF438
:10834000006030BD010202D54FF4805030BD4102C3
:1083500002D54FF4005030BD810202D54FF4804069
:1083600030BDC10202D54FF4004030BD410302D5FB
:108370004FF4003030BD810302D54FF4802030BD72
:10838000C10302D54FF4002030BD010402D54FF4E3
:10839000801030BD410402D54FF4001030BD81047F
:1083A00002D54FF4800030BD000702D54FF4000025
:1083B00030BD4FF4803030BD450020002C0000243B
:1083C00008E0FFFD124B4FF4FA5141F288321B686E
:1083D000B3FBF1F15143491E02D24FF00040704708
:1083E000426B12F0450FF6D09204F4D4416B49076A
:1083F00003D50421816308467047416BC90703D048
:10840000012181630846704702498163002070475B
:108410002C000024C50020000F4B4FF4FA5141F20C
:1084200088321B68B3FBF1F15143491E02D24FF071
:1084300000407047426B12F0450FF6D09204F4D41E
:10844000416B490703D504218163084670470349FE
:1084500081630020704700002C000024C50020002C
:1084600030B5204D4FF4FA5341F288342D68B5FBF6
:10847000F3F363435B1E02D24FF0004030BD446B08
:1084800014F0450FF6D0A404F4D4436B5B0703D576
:1084900004218163084630BD436BDB0702D0012114
:1084A000816303E00369DBB28B4201D0012030BD60
:1084B0000D498163002100F049F810F4604F04D0A9
:1084C000410406D54FF4005030BD000C1080002050
:1084D00030BD000402D54FF4805030BD4FF48030E1
:1084E00030BD00002C000024C5002000144B4FF4C8
:1084F000FA5141F288321B68B3FBF1F15143491E36
:1085000002D24FF000407047426B12F0450FF6D098
:108510009204F4D4416B490703D5042181630846D2
:108520007047416BC90703D001218163084670473A
:10853000416B490601D5402181630020704700004E
:108540002C000024006800F00300704708444069D4
:108550007047000030B511434268DDE903542B43F6
:10856000034D194321432A400A434260002030BD95
:10857000002CC0FF016841F003010160002070473A
:10858000D0F880007047000070B5084D0A6882601E
:10859000C368D1E90126D1E903412B4032430C43A2
:1085A00022431343C360002070BD0000C0E0FEFF03
:1085B0000968C0F8801000207047000010B5064C14
:1085C00001202070F8F7B2FF18B9207820F00100E0
:1085D0002070207810BD0000EC00002470B5054626
:1085E00003F0A2FE044603F09FFE001BA84207D240
:1085F000F8F79CFF38B103F097FE001BA842F7D3B1
:108600004FF0FF3070BD002070BD00002DE9F04F2D
:1086100087B00D460446FCF7C5F800260690206892
:108620000821B3463746FFF776FC002833D1B4F86B
:10863000441020680904FFF73DFC00282BD1431E9D
:108640004FF008094FF0020A4FF0300C4FF00108CC
:10865000CDF80CA08DE80812CDE9046820686946C1
:10866000FFF70AFE2068FFF743FD002813D140F210
:108670002A582068416B11EA080F06D1416B0903A3
:1086800015D4BBF1000F09D011E0416B090717D5D4
:10869000C0F83890082007B0BDE8F08FFFF770FFF2
:1086A00006462068FFF76CFF07464FF0010BFCF70A
:1086B00079F80699401A401CDBD14FF00040EAE7F8
:1086C000416B890703D5C0F838A00220E3E7416B6E
:1086D000890603D5202181630846DCE7034A39BABD
:1086E00033BA82630020C5E90013D4E73A0F0018BB
:1086F00070B58CB004460020ADF82C00FCF752F8A1
:1087000005462068FFF71EFF002853D0A06B032802
:1087100041D02068FFF7BEFC002849D12068002125
:10872000FFF714FFE06604212068FFF70FFF2067C2
:1087300008212068FFF70AFF60670C212068FFF717
:1087400005FFA16BA067032925D041F2883600BF41
:10875000BDF82C0088B3A06B03281CD0BDF82C10EA
:10876000616420680904FFF7ABFC002820D1206871
:108770000021FFF7EBFEE06504212068FFF7E6FE2D
:10878000206608212068FFF7E1FE60660C21206862
:10879000FFF7DCFEA06604212068FFF7D7FE000D7E
:1087A000694620642046FDF735FEA8B14FF08050A1
:1087B0000CB070BD4FF08060FAE7FFE720680BA9AE
:1087C000FFF7C9FC0028F3D1FBF7ECFF401BB042D8
:1087D000BED34FF00040EBE7B4F844102068090422
:1087E000FFF73EFCE4E700002DE9F84F00260446C1
:1087F0003546B04600960068FFF7C0FB002829D137
:108800002068FFF7E5FBB0F1004F4FF001094FF092
:10881000805B4FF6FF7702D0C4F83C9008E0E66337
:108820002068FFF7ABFB002814D1E06B01281ED1B4
:1088300020680021FFF73EFB58B918E020680021AE
:10884000FFF738FB002805D120685146FFF74CFBA5
:1088500010B15846BDE8F88F20680021FFF776FE7A
:108860004FEAD07805460098401C009002E0DFF8FF
:1088700028A00098B84202D2B8F1000FDED00098CC
:10888000B84202D34FF08070E4E76800A66301D5D8
:10889000C4F838900020DDE7000010C12DE9F04158
:1088A00086B00D460446FBF77DFF00210746206891
:1088B000FFF74CFE800104D54FF4006006B0BDE820
:1088C000F08120684021FFF726FBC0B9B4F84410BE
:1088D00020680904FFF7EEFA88B940214FF0FF3015
:1088E00060224FF0010C022300268DE84F10206813
:1088F0006946FFF7C1FC2068FFF746FC98B1616B41
:108900006163DBE7406B000407D500262068FFF7B2
:1089100037FE761C082E01C5F8D3FBF743FFC01BBA
:10892000401C02D127E04FF000482068416B11F451
:10893000957FE7D0416B090701D50820BEE7416B61
:10894000890701D50220B9E7406B80060AD52020AF
:10895000B4E700BFFFF714FE01C5FBF723FFC01B00
:10896000401C08D02068416BC904F3D40146034879
:1089700088630020A2E74046A0E700003A0F0018F5
:1089800030B585B00546144C0120207003F0BEFCC4
:10899000F8B1F8F7D7FD18B92846FFF70FFE207099
:1089A0002078012815D0606868B90C48836842684F
:1089B0000168C0680293019200910390002168460B
:1089C00003F0BEFC6060606818B9207840F00100D8
:1089D0002070207805B030BDEC00002430ED000898
:1089E00010B58AB014461748007810F0010F02D075
:1089F0000AB0032010BD41B1012909D002290FD0CE
:108A0000032915D004200AB010BD00200AB010BD03
:108A100001A8F8F785FD0798206000200AB010BD76
:108A200001A8F8F77DFD0898208000200AB010BD4D
:108A300001A8F8F775FD0898400A206000200AB0E8
:108A400010BD0000EC000024F0B587B00C461546C0
:108A50001F46012647F23050FFF7C0FD002802DA1A
:108A600007B03046F0BD3A4629462046F8F78AFD61
:108A700020BB154847F23052416801A803F076FC4C
:108A80000198039A0299069205910490049810287F
:108A900014D10598012811D103F046FC044603F0D7
:108AA00043FC001B47F23055A84207D2F8F73EFDC1
:108AB00038B103F039FC001BA842F7D307B03046A9
:108AC000F0BD0026FAE70000EC000024FFF776BDB9
:108AD000F0B587B00C4615461F46012647F23050C8
:108AE000FFF77CFD002802DA07B03046F0BD3A46B9
:108AF00029462046F8F75CFD20BB154847F2305266
:108B0000416801A803F032FC0198039A0299069289
:108B1000059104900498102814D10598022811D1C9
:108B200003F002FC044603F0FFFB001B47F2305544
:108B3000A84207D2F8F7FAFC38B103F0F5FB001BA6
:108B4000A842F7D307B03046F0BD0026FAE7000090
:108B5000EC00002410B5502080F31188BFF34F8F34
:108B6000BFF36F8F05F056FE18B104494FF08050E7
:108B70000860002080F3118810BD000004ED00E0C3
:108B8000F0B59DB04C216846F7F74CFC202113A8A6
:108B9000F7F748FC0220FBF7D9FE234900242348BD
:108BA0000A6822F001020A600968016841F4404144
:108BB0000160016801F440411B9101688904FCD502
:108BC0001B4908250A6802200123C603052722F055
:108BD0000302921C0A60A0210990CDE90A07CDE9A1
:108BE0000C10CDE90E50CDE91054CDE900366846A1
:108BF0001294FDF7ADF808B172B6FEE740201A9066
:108C00003F210301CDE916500322CDE9180313AB30
:108C100013A883E816000221FCF75CFE002801D0AF
:108C200072B6FEE71DB0F0BD2C040058184802587B
:108C3000284402582C48F0B52C4A016841F47001D0
:108C40000160106800F00F00072804D2106820F0BF
:108C50000F00C01D106026490020254C10340B6801
:108C6000244D43F001030B6020600B682B400B6028
:108C7000136803F00F03072B04D9136823F00F03C5
:108C8000DB1D13601A4C1C4A18341C4B261D371D63
:108C90002060174C1A4D28343060261D3860371D6F
:108CA00023603B1D35601C1D3A60251D2E1D18607C
:108CB000331D22602860326018600A680C4B114C2A
:108CC00022F4802260330A60186020686FF30F007E
:108CD000B0F1005F03D20C490120C1F8080143F252
:108CE000D2000A490860F0BD88ED00E00020005283
:108CF000004402587FEDF6EA800201010002020200
:108D00000000FF010010005C008000510040005294
:108D10000148FEF776B80000500800242DE9F0471E
:108D2000274B4FF0804A274D02689842264E274F26
:108D3000274C09D0504507D0A84205D0B04203D0F7
:108D4000B84201D0A04205D1D1F804C022F070028F
:108D50004CEA0202DFF87CC0DFF87C809842DFF842
:108D60007C900FD050450DD0A8420BD0B04209D016
:108D7000B84207D0A04205D0604503D0404501D09D
:108D8000484503D1CD6822F440722A434D6922F050
:108D900080022A43026098428A68C2620A6882623C
:108DA00007D0A04205D0604503D0404501D04845DA
:108DB00001D10969016301214161BDE8F08700002B
:108DC000000001400004004000080040000C00408A
:108DD00000040140004001400044014000480140BF
:108DE00030B5416EB9B101680D4B03F108048A68D2
:108DF0008968C2F34262490F5D5C615C2D01B5FB7D
:108E0000F1F1A0F86A10995CA25C0901B1FBF2F1E2
:108E1000A0F8681030BD0121A0F86A10F8E7000042
:108E2000F4EC000890F82810C90706D00168C36A5E
:108E30004A6822F400321A434A6090F828108907E1
:108E400006D50168036B4A6822F480321A434A60EF
:108E500090F82810490706D50168436B4A6822F448
:108E600080221A434A6090F82810090706D5016845
:108E7000836B4A6822F400421A434A6090F8281033
:108E8000C90606D50168C36B8A6822F480521A436A
:108E90008A6090F82810890606D50168036C8A68F4
:108EA00022F400521A438A6090F82810490611D51E
:108EB0000168436C4A6822F480121A434A60416C8C
:108EC000B1F5801F06D10168836C4A6822F4C002A4
:108ED0001A434A6090F82810090606D50168C26C4A
:108EE000486820F40020104348607047F8B5002619
:108EF0000446C0F88C60FBF755FC054620686FF00F
:108F00007E470068000708D500222B464FF4001169
:108F10002046009700F02AFB60B9206800684007EF
:108F20000AD500222B464FF480012046009700F01E
:108F30001DFB08B10320F8BD2020C4F88400C4F84C
:108F40008800E666002084F88060F8BD10B5806B6C
:108F50000021A0F85E10A0F85610FEF7F6F810BD3C
:108F600070B5846B00252168D4F88400D4F888603B
:108F70008968090606D5212804D1A4F85650204650
:108F800000F0B2F820688068400606D5222E04D191
:108F9000A4F85E50204600F07DF8D4F88C0040F034
:108FA0001000C4F88C002046FEF7CFF870BD10B555
:108FB000C169806BB1F5807F2ED00021A0F85E10D2
:108FC000026852E8001F21F4807142E80013002B70
:108FD000F6D10168083151E8002F22F0010241E882
:108FE0000023002BF5D10168083151E8002F22F051
:108FF000400241E80023002BF5D12021C0F8881061
:10900000C16E012908D1026852E8001F21F0100149
:1090100042E80013002BF6D1C16E012902D0FEF701
:1090200069FB10BDB0F85C10FEF700F810BD10B57C
:10903000806BC16E012902D0FEF75DFB10BDB0F858
:109040005C104908FDF7F2FF10BD10B5C169806BD7
:10905000B1F5807F16D00021A0F8561001680831C4
:1090600051E8002F22F0800241E80023002BF5D1C7
:10907000026852E8001F41F0400142E80013002B53
:10908000F6D110BDFEF7ECFB10BD10B5806BFEF7FE
:10909000E8FB10BD10B5026852E8001F21F4907182
:1090A00042E80013002BF6D10E4B0268083252E85A
:1090B000001F194042E80014002CF6D1C16E0129AE
:1090C00008D1026852E8001F21F0100142E80013A5
:1090D000002BF6D100212022C0F88820C16601674C
:1090E00010BD0000FEFFFFEF026852E8001F21F0F4
:1090F000C00142E80013002BF6D10168083151E8A5
:10910000002F22F4000241E80023002BF5D120219A
:10911000C0F88410704700002DE9F04304468068D1
:10912000D84E87B0D84B2168D4E90427D4F81CC0A6
:1091300010430A68002547EA0C07384332400243CF
:109140000A602068E268416821F44051114341609F
:109150002268A1699A4201D0206A01439768DFF82A
:109160002CC3CB4ECB4807EA0C070F43976021680E
:10917000676ACA6A22F00F023A43CA622268B242A0
:109180000ED1006800F03800182873D047DCB8B35F
:10919000082879D010286FD178E028287ED17BE08C
:1091A000BD498A4209D1006800F00700062875D23F
:1091B000DFE800F0546A6C6E7072B8498A4209D1D7
:1091C000006800F00700062868D2DFE800F0475D7D
:1091D0005F616365B2498A4209D1006800F0070007
:1091E00006285BD2DFE800F03A5052545658AD4999
:1091F0008A420BD1006800F0070006284ED200E03A
:1092000010E0DFE800F02B4143454749A6498A4278
:109210000AD1006800F03800182839D0B7DD2028BE
:10922000BBD13CE001203AE0A0498A4209D1006864
:1092300000F00700062831D2DFE800F01026282AC7
:109240002C2E9B498A420BD1006800F007000628AB
:1092500024D2DFE800F003191B1D1F2100201EE0AF
:109260009A421BD18B48001D006800F007000628B9
:1092700014D202E00CE007E010E0DFE800F00305A4
:1092800007090B0D02200AE0042008E0082006E090
:10929000102004E0202002E0402000E080208549EA
:1092A000DFF814829A42854A4FF400434FEA2117AF
:1092B0004FF000064ED110281AD006DC022809D043
:1092C00004280BD008287CD10DE020283ED040286F
:1092D00077D13DE0FBF764FB014610E06846FBF701
:1092E00015FC01990BE003A8FBF7B2FC049906E01A
:1092F0001068800605D51068C0F3C100C140002980
:1093000070D0606A676838F8102007EB4703B1FB3C
:10931000F2F0834255D8B0EB073F52D800230846FD
:109320001946F7F735F802467808130E120243EA99
:10933000012110183A4671410023F7F729F8604AD5
:10934000A0F5407191423CD821688FE03946D8E7BA
:109350001946D6E7D4F81CC04FF6EF799C4546D1A4
:10936000082819D005DC58B101280CD0042875D183
:109370000DE0102815D0202835D040286ED134E0DB
:10938000FCF726FC01E0FCF735FC014610E06846DE
:10939000FBF7BCFB01990BE003A8FBF759FC049910
:1093A00006E01068800604D51068C0F3C100C14013
:1093B000C1B1636A606838F81330B1FBF3F149005A
:1093C00000E04BE001EB5001B1FBF0F0A0F1100127
:1093D000494543D84FF6F0732168C0F34202184064
:1093E000104343E043E03946E3E71946E1E7082844
:1093F00019D005DC58B101280CD004282ED10DE07D
:10940000102815D020282BD0402827D12AE0FCF79F
:10941000DFFB01E0FCF7EEFB014610E06846FBF7DE
:1094200075FB01990BE003A8FBF712FC049906E019
:109430001068800604D51068C0F3C100C140B1B106
:10944000636A606838F81330B1FBF3F101EB500147
:10945000B1FBF0F0A0F11001494505D9012506E066
:109460003946EDE71946EBE7216880B2C860012074
:10947000A4F86A00A4F8680028462667666707B063
:10948000BDE8F083F369FFCF000C0058FFF4FF1133
:10949000001001405444025800440040004800407D
:1094A000004C004000500040001401400078004093
:1094B000007C00400090D003DCEC0008004402581F
:1094C000FFFC0F0070B50446C06F00252223A16584
:1094D000A4F85C20C4F88C50C4F88830E0B120496E
:1094E0001346C163E16F1F480864E16F1E48C864FA
:1094F000E06F0565A66D2168E06F32462431FAF70A
:109500006FF948B11021C4F88C10202084F88050E5
:10951000C4F88800012070BD206984F8805040B1F3
:10952000216851E8000F40F4807041E80002002AF1
:10953000F6D12068083050E8001F41F0010140E8F2
:109540000012002AF5D12068083050E8001F41F0D1
:10955000400140E80012002AF5D1002070BD000053
:10956000AF8F00082F900008618F00082DE9F047A9
:109570009A4617460E460446089D4FF000094FF0E4
:1095800020084CE0681C4AD0FBF70CF9A0EB0A005D
:10959000A8422AD84DB32068016849073FD5C06961
:1095A000C04300053BD421684FF400600862216885
:1095B00051E8000F20F4D07041E80002002AF6D1F3
:1095C0002068083050E8001F21F0010140E8001237
:1095D000002AF5D1C4F8848084F88090C4F888808B
:1095E000C4F88C800320BDE8F087206850E8001F95
:1095F00021F4D07140E80012002AF6D1206808302A
:1096000050E8001F21F0010140E80012002AF5D1C6
:10961000C4F8848084F88090C4F88880E2E72068E9
:10962000C06936EA000004D00020B842AAD0002069
:10963000D9E70120F9E700000148FDF787BD0000E8
:10964000500500240148FDF781BD0000E00500241D
:10965000FEE700000FB41CB50246002007AC00294D
:109660000BD0491ECDE90021054B6A4621460698DC
:1096700000F01AF9009A002111701CBC5DF814FB6F
:10968000D79F00087CB5044600201D4616460029D9
:109690000BD0491ECDE90041044B6A4629463046AD
:1096A00000F002F9009A002111707CBDD79F0008DC
:1096B00037B514460846064B6A46214600F0F4F8D2
:1096C00004466946002000F091FC20463EBD0000A3
:1096D000ED9F0008090700284FEA116104DB00F143
:1096E000E02080F80014704700F00F0000F1E02047
:1096F00080F8141D704702E008C8121F08C1002A34
:10970000FAD170477047002001E001C1121F002A02
:10971000FBD170472DE9FF5F82B00021DDE9043005
:10972000020DDDF840B0034318D044F61050A2F209
:10973000FF3242431514119801281FD0A5EB0B00EE
:10974000401C5FEA000A4FF000064E4FDFF83891E8
:10975000B046504615D5CAF1000413E01198012413
:109760004AA3012801D16FEA0B010298119AC0E9BE
:109770000031C0E9024206B0BDE8F09FCBF1000025
:10978000DFE704460021404A491842EB0450CDE986
:10979000001012E0E00707D032463B4640464946FB
:1097A000F7F7FFF98046894632463B461046194690
:1097B000F7F7F7F906460F466410002CEAD1DDE909
:1097C0000401DDE90023BAF1000F06DAF7F7E9F941
:1097D00042464B46F7F7E5F905E0F7F754FA4246FB
:1097E0004B46F7F750FA04460E460022284BF7F78F
:1097F000DDFA03D84FF0FF30014607E00022254B89
:1098000020463146F7F726F9F7F7B8FA102409E0B1
:10981000002C0ADB0A220023F6F7BAFD039B303244
:109820001A55641E50EA0102F2D1641C039AC4F175
:1098300011031444119A012A03D0012208430DD1C7
:109840000AE0084304D000204FF0110B119072E79A
:10985000A3EB0B056D1E0DE05B4504DD4FF0000230
:1098600005F1010504E003DA4FF00002A5F101055E
:10987000002AECD002981199C0E90231C0E90045F4
:1098800079E70000000014400000F03F30000000C5
:109890000000F0430000E03F30380A2801D20120E8
:1098A00070470020704700002DE9FF4F95B09B46A0
:1098B0008946064600250FE2252877D10024274651
:1098C000F84A0121059400E0044316F8013F203BCB
:1098D00001FA03F01042F7D130782A2811D06FF046
:1098E0002F033078A0F13002092A16D8059A44F0E7
:1098F000020402EB820203EB42021044761C059044
:10990000EFE759F8042B0592002A03DA504244F499
:109910000054059044F00204761C30782E2816D1AD
:1099200016F8010F44F004042A280DD06FF02F021E
:109930003078A0F13003092B09D807EB870302EB3D
:109940004303C718761CF3E759F8047B761C30787C
:109950006C280FD006DC4C2817D068280DD06A2858
:1099600014D104E0742810D07A280FD10DE044F40B
:1099700000140AE044F4801401E044F440147278C6
:10998000824202D104F58014761C761C3078662859
:109990000BD013DC582877D009DC002875D0452877
:1099A000F6D04628F4D047281AD19DE118E0632864
:1099B00035D0642879D0652812D195E1702873D00C
:1099C00008DC6728F1D069286FD06E280DD06F2889
:1099D00006D1B5E073282CD0752875D0782874D0BE
:1099E0005A46179990476D1C75E1C4F3025002283E
:1099F00009D003280DD0D9F8001004280DD00D602F
:109A000009F1040967E1D9F80010EA17C1E9005229
:109A1000F6E7D9F800100D80F2E70D70F0E719F8BD
:109A2000041B8DF8001000208DF80100EA4601208B
:109A300003E059F804AB4FF0FF3061074FF000012D
:109A400002D40DE008F101018846B9420FDA8045E1
:109A5000F8DB1AF808100029F4D108E008F1010138
:109A600088468142FADB1AF808100029F6D10598D9
:109A70005B46A0EB080721463846179A00F094FA97
:109A8000284400EB080507E04DE029E10DE01AF855
:109A9000010B5A4617999047B8F10108F7D25B4677
:109AA00021463846179A13E142E00A220092C4F395
:109AB00002524FF0000A022A08D059F804CB032AB8
:109AC0004FEAEC710AD00DE029E02AE009F1070124
:109AD00021F00702F2E802C1914609E00FFA8CFC7E
:109AE0004FEAEC71042A03D14FFA8CFC4FEAEC7177
:109AF000002907DA0A460021DCF1000C61EB0201C3
:109B00002D2202E0220504D52B228DF8042001220B
:109B100003E0E20701D02022F7E7904659E00A214E
:109B200002E010220DE010214FF0000A00910BE03E
:109B300010224FF0000A44F004040827009203E0CA
:109B400008224FF0000A0092C4F30252022A05D004
:109B500059F804CB0021032A08D009E009F10701D4
:109B600021F00702F2E802C1914605E01FFA8CFCE1
:109B7000042A01D10CF0FF0C4FF00008220728D571
:109B8000702806D0009B83F0100353EA0A0305D027
:109B90000EE040228DF80420012208E05CEA010278
:109BA00006D030228DF804208DF805000222904660
:109BB000009B83F0080353EA0A030AD15CEA01021E
:109BC00001D1620705D530228DF804204FF001083D
:109BD0007F1E582804D034A003900EA802900DE0F8
:109BE00036A0F9E753466046009AF6F7D1FB844663
:109BF0000398825C0298401E029002705CEA0100A9
:109C0000F0D1029806A9081A00F1200A600702D5CF
:109C100024F4803400E00127574502DDA7EB0A0059
:109C200000E0002000EB0A01009005984144401A32
:109C30000590E00306D45B462146179A059800F08C
:109C4000B3F90544002706E001A85A46C05D1799FC
:109C500090476D1C7F1C4745F6DBE0030CD55B4647
:109C60002146179A059800F09FF9054404E030203A
:109C70005A46179990476D1C0099481E009000297C
:109C8000F5DC08E0029802995A460078491C0291D6
:109C9000179990476D1CBAF10001AAF1010AF1DC95
:109CA00065E10000092801003031323334353637A0
:109CB0003839616263646566000000003031323318
:109CC00034353637383941424344454600000000B8
:109CD00000F058F90544761C307800287FF4ECAD8C
:109CE00019B02846BDE8F08F620700D4062709F1B5
:109CF000070222F0070CFCE80223E14603F00048CB
:109D00005FEA080C02D00FF2702C0DE05FEA045CF1
:109D100002D50FF2682C07E05FEAC47C02D00FF294
:109D2000602C01E0AFF2700C4FF0FF3823F00043DD
:109D3000CDF850C065280CD006DC452809D046284F
:109D40001DD047283DD13DE0662818D067287ED138
:109D500038E00021112F01DB112000E0781CCDE953
:109D6000000106A90EA8FFF7D5FCDDE90F010E9A48
:109D700003910021009207F1010A04914DE04FF098
:109D800000400097CDE9011006A90EA8FFF7C2FC1C
:109D9000DDE90F0203920E9B11990022DDF80CA061
:109DA0000093049211B9791C00EB010AB7EB0A0089
:109DB00004D4C0F1FF3007F1010A0490AAEB0700B8
:109DC000019044E0012F00DA01270021112F01DD6D
:109DD000112000E03846CDE9000106A90EA8FFF7E2
:109DE00099FCDDE90F010E9A039100210491009284
:109DF000BA4621070CD40399514500DA8A46BAF1D4
:109E0000010F05DD009AAAF10101515C302908D04B
:109E1000B84202DA10F1040F06DA0121CDE901108F
:109E200015E0AAF10101E9E7002805DC04990144E5
:109E30000491AAEB000102E0411C514500DD8A4675
:109E40000499401A401C01904FF0004002902007F6
:109E500004D40198504501DBCDF8048000208DF832
:109E60004F0002980DF14F07B0F1004F25D02B2085
:109E70000E9002984FF0020800280CDA404202903F
:109E80002D200E9007E00A210298F6F76BFD303185
:109E9000029007F8011DB8F10001A8F10108F2DCF9
:109EA00002980028EFD1791E0E980870307800F0E3
:109EB000200040F0450007F8020D12A8C01B00F179
:109EC00007081498007800B1012000EB0A010198FE
:109ED00001EBE07105984144401A401E0590E003F3
:109EE00006D45B462146179A059800F05DF80544B4
:109EF0001498007818B15A46179990476D1CE003E2
:109F000024D55B462146179A059800F04DF8054484
:109F10001CE00498002807DBDDE90301884203DD2B
:109F20000098405C179901E0179930205A469047F5
:109F3000049805F10105401C04900198401E019011
:109F400004D12E205A46179990476D1CBAF1000192
:109F5000AAF1010ADDDC05E017F8010B5A46179952
:109F600090476D1CB8F10001A8F10108F4DC5B46D4
:109F70002146179A0598ABE62D0000002B00000043
:109F8000200000002DE9F041044600251E4617463A
:109F9000880404D405E039462020B0476D1C641EB7
:109FA000F9D52846BDE8F0812DE9F04104460025A9
:109FB0001E469046C80301D5302700E020278804BC
:109FC00004D505E041463846B0476D1C641EF9D5FE
:109FD0002846BDE8F0814A68002A06D00A68531C6A
:109FE0000B6010704868401E486070470A68531C38
:109FF0000B6010707047000070B50B4D4FF400649B
:10A00000002221462846FAF7C1FB6420F9F736FD05
:10A01000012221462846FAF7B9FBBDE870404FF40B
:10A02000FA70F9F72BBD0000002002580FB40B485E
:10A0300070B5094C05AAA4F1100522600499FFF738
:10A0400037FB82B2AA800020206004490448FDF753
:10A05000B3FB70BC5DF814FB44000024A00C00248A
:10A06000E0050024F0B513680E0E0D0C5F1C1760A0
:10A070000C0AC65413685E1C1660C55413685D1C38
:10A080001560C45413685C1C1460C154F0BD00001A
:10A0900010B504460020E070401EA063204602F088
:10A0A00013F908B1042010BD04F23A2002F016F8AA
:10A0B000A0F52A41553901D0032010BD94F83C0089
:10A0C000E92805D0EB2817D194F83E00902813D149
:10A0D00004F1720001F0F7FF084920F07F40884248
:10A0E00001D1002010BD04F18E0001F0ECFF044905
:10A0F000884201D1002010BD022010BD464154000D
:10A100004641543300E0401C02780AB18A42FAD139
:10A110000078704770B400221446194D05EB021305
:10A12000D3F800C0BCF1000F0DD00668B4450BD1C8
:10A13000D3F804C08668B44506D19B68D0F814C033
:10A14000634504D000E00124521C022AE6D3022A0F
:10A1500001D091B908E024B9022902D070BC1220C4
:10A16000704770BC0020704705EB02108089B0F585
:10A17000807F02D070BC0020704770BC10207047F8
:10A18000F08200244DF8044D0021074B8C4603EB70
:10A1900001121468844201D1C2F800C0491C02298E
:10A1A000F5D35DF8044B7047F08200240368C06A61
:10A1B000021D98895B8900FB03F0B1FBF0F052F8B7
:10A1C000041B21B1884204D2116808447047002062
:10A1D0007047401A121DF2E7891E026A921E8A42D7
:10A1E00001D800207047426B408901FB0020704776
:10A1F0002DE9F05F81460F4607F11A0001F06EFF6E
:10A2000010B10020BDE8F09F387800F03F00401EFC
:10A2100000EB800101EBC00401260025DFF864A0FB
:10A220004FF6FF7B1AF80500384401F057FF8046CF
:10A2300096B1FF2C0BD2404601F0B8FB06462046F3
:10A24000641C39F8100001F0B1FB864202D00020F6
:10A25000BDE8F09F464604E0D84502D00020BDE8A6
:10A26000F09F6D1C0D2DDDD3387810F0400F06D017
:10A270002EB139F8140010B10020BDE8F09F012084
:10A28000BDE8F09FC0ED0008DFED0B0A1CB520EE25
:10A29000200A04466A460020009001A8BDEEC00ACC
:10A2A00010EE101AFFF7DEFE009944F48070CAB277
:10A2B00001A900F027F81CBD00007A4408B501226E
:10A2C00040F4A0608DF80010694600F01BF808BD4E
:10A2D000DFED0B0A1CB520EE200A04466A4600207A
:10A2E000009001A8BDEEC00A10EE101AFFF7BAFEEA
:10A2F000009944F48060CAB201A900F003F81CBDC3
:10A3000000401C4670B50A4B150400244FF08042F3
:10A3100083E835001C610A465C6119469C61DC617A
:10A3200004481C62F9F700FC002800D0012070BD31
:10A33000000D0024340400242DE9F04180460F462E
:10A34000D8F80050002F08D03946404601F0B1FD42
:10A35000022809D20120BDE8F081AE6916B1286A51
:10A36000B04208D8012606E0B0F1FF3FF3D0296AD9
:10A370008142F0D83E463446641C286AA04205D883
:10A380000224022E02D20020BDE8F0812146404680
:10A3900001F08FFD48B10128F6D0B0F1FF3FF3D0B6
:10A3A000B442E9D10020BDE8F0814FF0FF322146F0
:10A3B000284602F051FC28B927B1224639462846E2
:10A3C00002F04AFC28B1012810D001242046BDE843
:10A3D000F081AC61296AE869891E884201D8401E73
:10A3E000E861287940F001002871EFE74FF0FF3471
:10A3F000ECE700002DE9F35F8846D8F8007000987C
:10A400000068D0F810900024254628466D1C385C62
:10A4100020280FD32F2808D05C2806D0FF2C10D37B
:10A4200002B00620BDE8F09F6D1C795D2F29FBD09E
:10A430005C29F9D07919C8F8001020281BD204260D
:10A440001AE0C0B2012101F073FA064656B1802E1F
:10A450000CD265A03146FFF755FE38B102B0062098
:10A46000BDE8F09F02B00620BDE8F09F2046641CC6
:10A4700029F81060C9E700264CB1601E39F81000B9
:10A48000202801D02E2802D1641E002CF5D10020F6
:10A4900029F814003CB100980B222021243001F04F
:10A4A0007EFE002704E002B00620BDE8F09F7F1C7E
:10A4B00039F817002028FAD02E28F8D01FB146F01E
:10A4C000030600E0641E24B1601E39F810002E2837
:10A4D000F8D14FF00008C2464FF0080B38467F1CF9
:10A4E00039F8105005B3202D03D02E2D04D1A742EA
:10A4F00002D046F00306F1E7DA4501D2A74219D1AE
:10A50000BBF10B0F0ED0A74201D046F003060BD8CB
:10A5100027464FF0080A4FF00B0B4FEA88604FEACE
:10A520001068DBE746F00306009890F82400E52861
:10A530002FD032E0802D0BD30021284601F0F8F90E
:10A5400005461DB12B48284410F8805C46F00206F1
:10A5500025B129A02946FFF7D5FD18B15F2546F0A2
:10A5600003060EE0A5F14100192802D848F00208C0
:10A5700007E0A5F16100192803D848F0010841302F
:10A5800085B20099504608440AF1010A80F8245027
:10A59000A4E70098052180F82410BBF1080F03D12F
:10A5A0004FEA88604FEA10680C2030EA080003D0B8
:10A5B000032030EA080001D146F0020616F0020F2F
:10A5C0000BD108F00300012801D146F0100608F075
:10A5D0000C00042801D146F00806009880F82F608E
:10A5E00002B00020BDE8F09F222A3A3C3E3F7C7F2B
:10A5F0000000000040ED00082B2C3B3D5B5D00009F
:10A60000401E022810D2094901EB00118889B0F5DB
:10A61000807F00D1002008B1401E80B2888108B937
:10A62000002008600020704702207047F08200245C
:10A6300004F0E2F82C4D686000F082F82B4C012702
:10A64000002600BF04F0D8F8686021462F70E27C35
:10A65000D30744D0B1F810C00B68A0EB030ECCF3C5
:10A660000B0CE64514D9930603D442F06002CA7479
:10A6700088601E48CB7C90F83700C0F34302C3F3D8
:10A680004300904200D92E70C86940B3804726E04D
:10A69000D1F80CC0B1F811E0A0EB0C00B0EB1E1F1C
:10A6A00022F0400003D240F02000E07417E00206E0
:10A6B000C87402D540F0200001E020F02000C874EA
:10A6C000486883420BD9181A00EE100ADFED080A19
:10A6D000B8EE401A80EE810A10EE100A60610A207E
:10A6E00001F00CFEAEE70000BC00002490720024D4
:10A6F00000007A44114900EBC00010B501EB800462
:10A700002068606004F078F82060E17C4A0603D598
:10A7100021F04001E174E060A06948B1804738B1A0
:10A72000E07C40F0A000E074206A28B1804703E09C
:10A73000E07C20F08000E074206810BD907200245E
:10A74000FCB51A4A0023DFF868C06F46D2E9001250
:10A75000CDE900124FEA030202EBC20102EB420410
:10A760000CEB8101521C37F8146007EB44040D8A8E
:10A7700012F0FF0266F30B050D826688B1F81150E6
:10A7800066F30F15A1F811502579CC7C8B61CB6154
:10A790000B6265F3440444F0E104CC744B6108603F
:10A7A00048608860C860D7D0FCBD000014ED000888
:10A7B000907200242DE9F04105460E462F680021D5
:10A7C000284600F0C3F988B90024E969384601F049
:10A7D0007BFD58B9296A0A78E52A0CD05AB10024C1
:10A7E0002846012100F07AF80028EED0042800D194
:10A7F0000720BDE8F081641CB442F7D0F0E72DE9F2
:10A80000F0470446D4F800900021204600F09EF95D
:10A81000002861D1FF2637464FF0FF3AC4F830A038
:10A820004846E16901F050FD80465FEA080052D1D8
:10A83000206A057875B1C17A01F03F01A171E52D5B
:10A8400004D011F0080F08D00F2906D0FF26C4F855
:10A8500030A038E04FF004083DE00F2901D0FEB1F0
:10A8600022E094F82F1011F0400F2CD115F0400F7A
:10A8700005D0477B05F0BF052E4661692163B542CF
:10A880000BD1417BB94208D1D9F8102001461046BE
:10A89000FFF7AEFC08B1701E00E0FF20C6B212E068
:10A8A00002F02FFDB84216D094F82F0010F0010FDF
:10A8B00006D1206A0B2204F1240101F05BFC50B1A7
:10A8C000FF26C4F830A00021204600F007F880469B
:10A8D0005FEA0800A4D04046BDE8F0872DE9F047C4
:10A8E00005460E462C68686900F12008E8690028D2
:10A8F00002D0B8F5001F02D30420BDE8F087A1897B
:10A90000B8FBF1F201FB1281002973D1401CE86110
:10A91000A9694FF0000979B1A0896289B8FBF0F00C
:10A92000521E104266D1284601F0C3FA0746012F95
:10A930000BD80220BDE8F0872089B0EB581F59D80A
:10A94000C5F81C900420BDE8F087B7F1FF3F16D092
:10A95000206AB84248D8AEB1A9692846FFF7ECFC96
:10A960000746380013D0012F14D0B7F1FF3F14D0A1
:10A97000204602F019FD98B10120BDE8F0870120C2
:10A98000BDE8F087C5F81C900420BDE8F0870720DB
:10A99000BDE8F0870220BDE8F0870120BDE8F08720
:10A9A000A289002104F13C0001F0F9FB00263946A0
:10A9B0002046FFF711FCA0636089002811D94FF0F1
:10A9C000010984F80390204602F0EEFC10B101204A
:10A9D000BDE8F087761CA06B401CA0636089B04284
:10A9E000EFD8A06B801BA063AF6139462046FFF70C
:10A9F000F3FBE861C5F81480A089B8FBF0F100FB17
:10AA0000118020443C3028620020BDE8F08700001F
:10AA10002DE9F04383B00446256894F82F0010F028
:10AA2000A00F03D0062003B0BDE8F08300272869FB
:10AA300000E07F1C30F817100029FAD10C2268467C
:10AA400004F1240101F0A2FB9DF80B0010F0010FAE
:10AA500019D0402084F82F0001262A6904F124002F
:10AA60003346694601F0DAF92046FFF7C8FE10B90F
:10AA7000761C642EF1D3642E12D00428D3D19DF815
:10AA80000B0084F82F009DF80B0010F0020F0BD084
:10AA90002D4907F10C00A1FB00108008471C04E0C1
:10AAA00003B00720BDE8F083012720463946FFF7B1
:10AAB00081FE06464FF0010836BB7F1E24D0606938
:10AAC000794200EB4111204600F040F80646300084
:10AAD0001AD104F1240002F014FC8146E1692846F1
:10AAE00001F0F2FB06467EB9216A4B462869FAB2AC
:10AAF00002F04CF985F8038000212046FFF7EEFEB6
:10AB000006460EB97F1EE9D1CEB9E169284601F0AB
:10AB1000DBFB0646300012D1206A2022002101F022
:10AB20003EFB206A0B2204F1240101F02FFB216A75
:10AB300094F82F0000F01800087385F8038003B024
:10AB40003046BDE8F08300004FECC44E2DE9F041E3
:10AB500007460C463D68B4F5001F02D214F01F0FE3
:10AB600002D00220BDE8F0817C61BE681EB9287861
:10AB7000032800D32E6BAEB16889A98900FB01F8C8
:10AB8000444520D33146384601F093F90646B6F1E4
:10AB9000FF3F11D0022E02D3286AB0420FD8022004
:10ABA000BDE8F0812889B0EB541F02D80220BDE82F
:10ABB000F081286BF8610BE00120BDE8F081A4EB87
:10ABC00008044445DED231462846FFF705FBF8610C
:10ABD000BE61F86978B1A989B4FBF1F10844F86164
:10ABE000A889B4FBF0F100FB114028443C303862E6
:10ABF0000020BDE8F0810220BDE8F08110B5002200
:10AC000008490B5C002B0AD101220A540A1801EBF7
:10AC10008000127A40680168104688470246104654
:10AC200010BD000010830024054B03EB000C03EB68
:10AC300080009CF808C0406803696046184700001F
:10AC40001083002430B4DFF818C00CEB00040CEBC8
:10AC50008000247A4068D0F808C0204630BC6047A5
:10AC60001083002404490A1801EB8000127A40681E
:10AC700041681046084700001083002430B4DFF814
:10AC800018C00CEB00040CEB8000247A4068D0F86C
:10AC90000CC0204630BC60471083002400200849C7
:10ACA00000E0401C022804D201EB00121268002AC6
:10ACB000F7D1022801D00120704700207047000022
:10ACC000F082002438B50546284600F0BFFC044653
:10ACD00084B96946284602F0ADFE044654B9286995
:10ACE000FFF78EFC04460CB9002028600098002174
:10ACF00002F092FB204638BD2DE9FF4F8DB014467F
:10AD00001D461A9E0DA801F04EF9002803DA11B075
:10AD10000B20BDE8F08FFE4951F8201009B1002248
:10AD20000A70C0B209900998FFF768FF10F0010F90
:10AD300003D011B00320BDE8F08F10F0040F03D052
:10AD400011B00A20BDE8F08F0998032106AAFFF789
:10AD50006BFF38B9069828B1B0F5004F02D8411EF4
:10AD6000084201D0012006900998022108AAFFF7A5
:10AD70005BFF18B111B00120BDE8F08FBDF82000D5
:10AD8000A0F50071B1F5606F02D8411E084203D0F2
:10AD900011B00120BDE8F08F0CB1844205D3B4F1AD
:10ADA000807F02D8611E0C4203D011B01320BDE891
:10ADB000F08FB4FBF0F8B6FBF0FA0AFB00F0079056
:10ADC000079848B10998012103AAFFF72DFF38B170
:10ADD00011B00120BDE8F08F11B00E20BDE8F08F5A
:10ADE0000E9810F0080F01D0002000E03F200590E1
:10ADF00003990598814203D211B00E20BDE8F08F6F
:10AE00000598091A0391802903D211B00E20BDE8DC
:10AE1000F08FB8F1800F03D911B01320BDE8F08F87
:10AE20000E9810F0020F08D00E9800F007000228CC
:10AE300019D00E9810F0010F15D00E9810F0010FD8
:10AE400013D00226BDF82020480C0C90080B0B9064
:10AE500006984FF6F57C069B401E0A904446032E4A
:10AE600007D05CB338E00326ECE711B01320BDE84F
:10AE7000F08F6CB9DDF830B000200124DFF8949237
:10AE800001E0401C640039F810700FB15F45F8D93B
:10AE9000B1FBF4F002EB8007FF1DB7FBF2F92027AE
:10AEA0004FF0000BCDF808B0604503D9DFF868B269
:10AEB00058452BD911B00E20BDE8F08FDDF82CB02D
:10AEC00000200124DFF8549201E0401C640039F8AE
:10AED00010700FB15F45F8D9B1FBF4F040F6F5778B
:10AEE000B84203D9042707EB400006E0012600EB37
:10AEF0004000471C032000EB57001044401EB0FBED
:10AF0000F2F90127B803B0FBF2F00290059838443B
:10AF10000490049800EB090B0298584400EB030BD3
:10AF2000ABF1010EDDF828B02EEA0B0BABEB000BFA
:10AF3000032E0BD0D94400EB041B0598ABEB0000AB
:10AF400088420AD911B00E20BDE8F08F5F44DDF8C9
:10AF500010E0F344CDF810B0EDE7C81BA0EB090BEF
:10AF60000298ABEB0000B0FBF4FB032E0CD1E345E1
:10AF70000AD8B8F1000F03D15FEA54087FF46EAF2E
:10AF800011B00E20BDE8F08F022E2FD1E3451CD961
:10AF9000B8F1000F06D14020B0EB440F02D34FEAC6
:10AFA00044085BE70E9810F0020F01D0032655E726
:10AFB000B8F1000F05D14FEA4408B8F1800F7FF6D1
:10AFC0004DAF11B00E20BDE8F08F40F6F57083450F
:10AFD0000CD8B8F1000F05D14FEA4408B8F1800F42
:10AFE0007FF63CAF11B00E20BDE8F08F012E07D1E7
:10AFF00040F6F570834503D911B00E20BDE8F08FFF
:10B000000021284601F0CBF80B22284644A101F08C
:10B01000BDF8BDF8201005F10B0002F06DF96C735E
:10B02000B9B205F10E0002F067F901202874032E71
:10B030000ED0410205F1110002F05EF90399B1F55D
:10B04000803F07D289B205F1130002F055F905E0FF
:10B050000021EFE705F1200002F044F9F8206875BF
:10B060003F2105F1180002F047F9FF2105F11A0010
:10B0700002F042F9059905F11C0002F033F980272E
:10B080004FF02908032E27D000F08BFF014605F171
:10B09000270002F027F91FFA89F105F1160002F0E6
:10B0A0002BF985F8247085F8268013221FA105F15D
:10B0B0002B0001F06BF805F5FF704AF6552102F000
:10B0C0001BF9059A012309982946FFF7D7FDB8B364
:10B0D00011B00120BDE8F08F00F063FF014605F1DB
:10B0E000430002F0FFF805F12400494602F0FAF8A7
:10B0F000022105F12C0002F0F5F8012105F13000E4
:10B1000002F0FAF8062105F1320002F0F5F818E035
:10B1100000010024DCED0008F5FFFF0FCEED000874
:10B12000EBFE904D53444F53352E30004E4F204E82
:10B13000414D452020202046415420202020200041
:10B140000AE085F8407085F8428013227AA105F163
:10B15000470001F01BF8AEE7032E34D10598012318
:10B160002946821D0998FFF789FDBDF8202000219E
:10B17000284601F014F87549284602F0B3F87449DE
:10B1800005F5F27002F0AEF8ABF1010105F5F470CF
:10B1900002F0A8F8022105F5F67002F0A3F805F513
:10B1A000FF704AF6552102F0A7F8059801232946B9
:10B1B000C21D0998FFF762FD059801232946421C2C
:10B1C0000998FFF75BFD079A0021284600F0E7FF8A
:10B1D000DDF8108000200190032E0BD0012E1AD034
:10B1E0006FF00701284602F07DF84F46574514D905
:10B1F000D34613E06FF00701284602F073F8281DCC
:10B200004FF0FF3102F06EF86FF0704105F1080069
:10B2100002F068F8E9E74F49E4E7BB4609985B4666
:10B2200042462946FFF72AFD18B111B00120BDE8BA
:10B23000F08FBDF820200021284600F0B0FFD84450
:10B24000A7EB0B07002FD1D10198401C019001986A
:10B250000028C1D0032E00D0029C544501D9574686
:10B2600000E0274609983B4642462946FFF706FD7F
:10B2700018B111B00120BDE8F08FB844E41B002CD8
:10B28000EBD1032E05D00398B0F5803F03D30626FB
:10B2900004E00C2602E0022E05D001260E9810F0E4
:10B2A000080F02D039E00426F8E7BDF8202000217D
:10B2B000284600F074FF05F5FF704AF6552102F0AC
:10B2C0001BF805F5DF740021217001206070A0706B
:10B2D000E170267103990598084443F6C161B0FBFB
:10B2E000F1F0FE2161713F2141EA9001A171E0710D
:10B2F00004F10800059901F0F5FF039904F10C0031
:10B3000001F0F0FF0998012300222946FFF7B6FC5F
:10B3100018B111B00120BDE8F08F00220998114644
:10B32000FFF782FC18B111B00120BDE8F08F11B019
:10B330000020BDE8F08F00004E4F204E414D4520CB
:10B3400020202046415433322020200052526141B7
:10B3500072724161F8FFFF002DE9F74181B0164696
:10B3600002980090684600F01EFE0446002C03DAA6
:10B3700004B00B20BDE8F0811C4F57F824504FF06B
:10B38000000845B12846FEF7FDFE686900F0FCFAAA
:10B39000B0B185F80080019840B180F8008000F1DC
:10B3A0001401E2B2104600F0DFFA68B1019847F8E4
:10B3B000240008B1012E0BD004B00020BDE8F081BC
:10B3C00004B00220BDE8F08104B00220BDE8F081A5
:10B3D000002201A902A800F045FB0446019821467D
:10B3E00002F01AF804B02046BDE8F0810001002404
:10B3F0002DE9F743ADF50E7D0546002D0CD002F08A
:10B400003F0680A932468FA800F02CFB04464FF07F
:10B41000000834B100F0F7B80DF5117D0920BDE842
:10B42000F08380988190C0F810D081A88F9900F0A7
:10B43000AFFC0446200010D19DF8330210F0800FBD
:10B4400001D0062409E036F0010001D0012100E01E
:10B45000002181A8FEF75EFE044616F01C0F54D0B2
:10B460006CB1042C08D1FFF719FC20B181A8FFF7BB
:10B47000CFFA044600E0122446F008060AE09DF8E0
:10B480000A0210F0110F01D0072403E016F0040F98
:10B4900000D00824002C47D116F0080F44D000F04B
:10B4A00080FD0746899839460E3001F01BFF8998C8
:10B4B0003946163001F016FF89992020C872899903
:10B4C000809800F0EDFD074689998098002201F0F0
:10B4D000F5FE899800211C3001F004FF80980121BD
:10B4E000C1700FB3D0F83890002281A8394601F01E
:10B4F0005BFD0446200017D18098494600F0E4FE29
:10B5000004468099781E88610EE06CB99DF80A02A5
:10B5100010F0100F01D0042406E016F0020F03D043
:10B5200010F0010F00D00724ACB916F0080F01D0BD
:10B5300046F040068098806B68628998A86236F071
:10B54000010001D0012100E0002181A800F05EFD92
:10B55000286100B90224ECBB8999809800F0A0FD15
:10B56000A86089981C3000F0AEFDE860C5F82C801A
:10B57000809828608098C088A8802E7585F81580EE
:10B58000C5F82080C5F8188000214FF4805205F1DD
:10B59000300000F004FE16F0200F34D0EE68CEB17B
:10B5A000AE6180984189808901FB00F7A9680BE0B2
:10B5B000284600F07EFC0146012900D80224B1F1A2
:10B5C000FF3F00D10124F61B0CB9BE42F0D8E9615F
:10B5D00004B900E017E080988289B6FBF2F302FB21
:10B5E000136282B1FEF7F8FDC8B180998A89B6FB73
:10B5F000F2F202442A624878012305F13001FFF794
:10B6000021FB00B101240CB1C5F8008021468098CF
:10B6100001F002FF0DF5117D2046BDE8F083022404
:10B62000F1E710B594B0044601A801F022FC20789F
:10B6300038B114F8011B01A801F0E2FB20780028C2
:10B64000F7D101A801F000FC14B010BDF8B5044614
:10B650006946204602F0EEF90546002D45D1207DD1
:10B6600010F0400F41D010F0800F12D0009801234D
:10B67000226A04F130014078FFF700FB28B10098FE
:10B68000012101F0C9FE0120F8BD207D00F07F00FE
:10B69000207500F086FC0646616A009800F014FEF2
:10B6A000054615BBA56AE87A40F02000E872A2685A
:10B6B0002946206801F002FEE16805F11C0001F056
:10B6C00011FE05F11600314601F00CFE002105F1D6
:10B6D000120001F011FE00980121C17001F01EFE60
:10B6E0000546207D00F0BF0020750098294601F036
:10B6F00093FE2846F8BD2DE9F84F04460F4616463E
:10B7000098460020C8F800006946204602F092F9E9
:10B7100005460DB9657D35B10098294601F07CFEDE
:10B720002846BDE8F88F207D10F0020F11D0A069E7
:10B73000811900D3C643002E00F0EE804FF00109BE
:10B74000009AA1699089B1FBF0F300FB13133BB1A0
:10B75000B7E00098072101F05FFE0720BDE8F88FF1
:10B76000B1FBF0F05289521E00EA020ABAF1000F52
:10B770002FD129B1E06A50B12046FEF717FD0AE04B
:10B78000A06840B900212046FEF7D6FD03E0E1693C
:10B790002046FEF7D1FD002877D0012806D0B0F171
:10B7A000FF3F0CD0E061A16891B112E0022060750A
:10B7B0000098022101F030FE0220BDE8F88F84F8E5
:10B7C00015900121009801F027FE0120BDE8F88FB7
:10B7D000A060207D10F0800F15D000980123226A10
:10B7E00004F130014078FFF749FA40B184F8159030
:10B7F0000121009801F010FE0120BDE8F88F207DA6
:10B8000000F07F002075E1690098FEF7E5FCE8B1E3
:10B8100000EB0A0B00988189B6FBF1F5B5B34189BD
:10B820000AEB05028A4201D9A1EB0A0540782B46B2
:10B830005A463946FFF722FA88B184F8159001215B
:10B84000009801F0E9FD0120BDE8F88F0220607545
:10B850000098022101F0E0FD0220BDE8F88F206A87
:10B86000A0EB0B00A8420BD200998A8900FB027161
:10B8700004F1300000F08AFC207D00F07F0020758C
:10B880000098808900FB05F534E045E0FFE7216A78
:10B89000594514D0E268A169914210D24078012341
:10B8A00004F130015A46FFF7CDF940B184F8159004
:10B8B0000121009801F0B0FD0120BDE8F88FC4F827
:10B8C00020B00098A1698089B1FBF0F200FB121250
:10B8D000851AB54200D93546B1FBF0F200FB1210D3
:10B8E0002A4639462044303000F050FC207D40F09C
:10B8F000800020752F44A0692844A061E168884237
:10B9000000D80846E060D8F800002844C8F80000D5
:10B91000761B002E7FF414AF207D40F04000207590
:10B920000098002101F078FD0020BDE8F88F0000AC
:10B93000802805D30B4A41B1B0F5807F01D30020A8
:10B940007047803832F810007047002132F811300B
:10B95000834203D0491C89B28029F7D301F18000CA
:10B96000C0B27047EAED000810B582B00C46002066
:10B97000009001900121684600F0E6FD206000285B
:10B9800000D0012002B010BD10B500F000FE012073
:10B9900010BD00F009BE10B500244FF47A7100F01C
:10B9A0002BFE00B90124204610BD00004DF8044DC7
:10B9B000B0F5805F01D2294900E0294931F8022B16
:10B9C000002A16D0904214D331F8023B4FEA132CD0
:10B9D000DBB2D41884423BD9BCF1090F09D2DFE8AD
:10B9E0000CF0050B13181D22272C3100801A31F89A
:10B9F00010005DF8044B7047811A01F00101401AF4
:10BA000080B25DF8044B7047103880B25DF8044B8B
:10BA10007047203880B25DF8044B7047303880B2F0
:10BA20005DF8044B70471A3880B25DF8044B7047DC
:10BA3000083080B25DF8044B7047503880B25DF832
:10BA4000044B7047A0F5E35080B25DF8044B70479B
:10BA5000BCF1000FB2D101EB4301AFE7EAEE000801
:10BA6000DCF000082DE9F04184B00E469046002736
:10BA7000376000F098FA0546280003D504B00B2083
:10BA8000BDE8F081BE4850F82540D4B1204600F012
:10BA90002AFBD0B1346008F0FE06207828B1607827
:10BAA000FFF7E0F810F0010F13D02770E8B26070D4
:10BAB000FFF7A4F810F0010F17D004B00320BDE881
:10BAC000F08104B00C20BDE8F08104B00F20BDE887
:10BAD000F08136B110F0040F03D004B00A20BDE8A5
:10BAE000F08104B00020BDE8F08136B110F0040F01
:10BAF00003D004B00A20BDE8F0816078022104F18F
:10BB00000C02FFF791F818B104B00120BDE8F081F4
:10BB1000A089A0F50071B1F5606F02D8411E0842FE
:10BB200003D004B00120BDE8F0810025204629465D
:10BB3000FEF7AEFA02281FD1E84604EB051000F527
:10BB4000FD70017919B1083000F0BDFA00E0002065
:10BB500048F825006D1C042DEFD3002658F8265018
:10BB600025B129462046FEF793FA00E0032002287B
:10BB700002D3761C042EF1D3042805D0022807D363
:10BB800004B00D20BDE8F08104B00120BDE8F081D3
:10BB900004F1470000F0A2FAA189884203D004B062
:10BBA0000D20BDE8F08104F1520000F097FA014643
:10BBB00021B904F1600000F086FA0146616294F850
:10BBC0004C00A070012805D0022803D004B00D203D
:10BBD000BDE8F08100FB01F894F84900608110B1E4
:10BBE000411E084203D004B00D20BDE8F08104F1ED
:10BBF0004D0000F073FA2081A1894909B0FBF1F2F0
:10BC000001FB120018B104B00D20BDE8F08104F171
:10BC10004F0000F063FA0646300004D104F15C00E6
:10BC200000F051FA064604F14A0000F057FA0246C5
:10BC30006AB1A08902EB080123894009B3FBF0F047
:10BC400001448E4207D204B00D20BDE8F08104B05B
:10BC50000D20BDE8F081B4F80AC0701AB0FBFCF00A
:10BC600058B303264FF6F57C604500D8022640F60F
:10BC7000F57C604500D80126801C2062A5622A441C
:10BC8000E26229446163032E1BD08BB302EB0801EF
:10BC90002163022E31D000F0010100EB400001EBE6
:10BCA0005000A189401E0844B0FBF1F0616A88424F
:10BCB00025D904B00D20BDE8F08104B00D20BDE809
:10BCC000F08104F1660000F009FA18B104B00D200B
:10BCD000BDE8F081208918B104B00D20BDE8F081E5
:10BCE00004F1680000F0EFF92063206A8000D8E7D3
:10BCF000FFE704B00D20BDE8F0814000D1E74FF030
:10BD0000FF30E061A06180202071032E2BD104F16F
:10BD10006C0000F0E3F9012825D1691C204600F0F1
:10BD2000D3FA00BB277104F23A2000F0D7F9A0F54E
:10BD30002A41553917D104F13C0000F0C4F91149EA
:10BD4000884210D104F5087000F0BDF90E49884210
:10BD500009D104F5097000F0B6F9E06104F50A7044
:10BD600000F0B1F9A061267008490888401C0880DD
:10BD7000E0802046FEF706FA04B00020BDE8F0811E
:10BD8000000100245252614172724161FC000024A2
:10BD900073B50446256801E0401C019001980178C4
:10BDA0002F29F9D05C29F7D00021A16001980078F3
:10BDB000202807D2802084F82F002046FEF7C6FEF8
:10BDC00002B070BD01A92046FEF714FB0028F7D190
:10BDD0002046FEF714FD94F82F1038B10428EFD157
:10BDE00011F0040FECD1052002B070BD11F0040F6A
:10BDF000FAD1A07910F0100F0DD0A9896069B0FBBD
:10BE0000F1F201FB1200284400F13C01284600F049
:10BE100047F9A060D6E7052002B070BD70B582B0CA
:10BE2000054616461C460B22284600F0AFF9052CA5
:10BE300016D93088A0B136F8021B002320460C46E4
:10BE400060F35F04490814F4803F03D084F02104B8
:10BE500084F488345B1C102BF0D330880028EAD19E
:10BE600007216B4604F00F0000F13002392A01D996
:10BE7000D01DC2B20846491E1A542409002CF1D123
:10BE80007E205854002200E0521C8A4202D2A85C54
:10BE90002028F9D1082903D20846491C185C00E083
:10BEA00020209446521C05F80C00082AF2D302B058
:10BEB00070BD2DE9F0410D460468022D02D3206AC1
:10BEC000A84201D8012609E04FF0FF36207801286A
:10BED00007D0022836D003284BD001263046BDE8D3
:10BEE000F08105EB5507A089E16AB7FBF0F001444A
:10BEF000204600F0E9F90028F0D1A08907F10108F7
:10BF0000B7FBF0F100FB1171214491F83C70B8FBD4
:10BF1000F0F0E16A0144204600F0D6F90028DDD1B6
:10BF2000A089B8FBF0F100FB1180204490F83C00A0
:10BF300047EA002015F0010F01D00609CEE7C0F353
:10BF40000B06CBE7A089E16A4008B5FBF0F001449D
:10BF5000204600F0B9F90028C0D1A1896800B0FBE3
:10BF6000F1F201FB120020443C3000F0B7F8064625
:10BF7000B4E7A089E16A8008B5FBF0F001442046EF
:10BF800000F0A2F90028A9D1A189A800B0FBF1F224
:10BF900001FB120020443C3000F095F820F0704680
:10BFA0009CE7002070474DF8044D04464FF0FF30E9
:10BFB000D4F800C0BCF1000F0BD0614600E0491C72
:10BFC0000A78202A01D33A2AF9D10A783A2A03D0EA
:10BFD00000205DF8044B70479CF800300CF1010222
:10BFE000303B0A2BF5D28A42F3D1002BF1D118460F
:10BFF000491C21605DF8044B7047EFF30580002871
:10C0000001D00120704700207047000070B400226A
:10C01000224CD0F800C004EB02131D68654507D11F
:10C020005D688668B54203D19B684569AB4202D022
:10C03000521C022AEFD3022A17D1002200E0521C20
:10C04000022A04D204EB02131B68002BF7D1022A48
:10C0500013D004EB0213C3F800C0D0F808C0C3F833
:10C0600004C0406998600020988149B104EB021037
:10C07000808928B170BC0020704770BC00207047D8
:10C0800011B14FF4807003E004EB02108089401C72
:10C0900004EB02118881501C70BC7047F0820024B0
:10C0A00070B506460C4604F11A0000F017F8054674
:10C0B0003078032805D104F1140000F00FF845EAA8
:10C0C0000045284670BDC178827842EA0121427855
:10C0D00042EA0121007840EA012070474178007867
:10C0E00040EA0120704710B5002805D04069FFF7ED
:10C0F00052FC08B1012010BD002010BDF8F760FB14
:10C10000FCF73EFDFBF7E4FCFDF776FFFBF71AFCBE
:10C11000FBF740FDFBF72CFDFBF758FCFBF748FC59
:10C12000FBF76CFDFBF7C2FB094980220948FAF7CF
:10C1300053FF094980220948FAF74EFF08490222B5
:10C140000848F6F781FAFBF775FC00F0E8F8FEE71F
:10C150001E09002450050024200A0024E0050024C4
:10C1600000000024580300240021842800D0C11CB2
:10C170000846704710F8013B11F801CBA3EB0C0304
:10C18000521E01D0002BF5D018467047002A05D06A
:10C1900011F8013B00F8013B521EF9D17047C9B2BA
:10C1A00000F8011B521EFBD1704700002DED048BDF
:10C1B000F5F790FCF5F7A8FCF5F77CFC4FF4FA7066
:10C1C00001F0A8FA00210120FEF778F8322001F0F2
:10C1D000A1FA314E0024334D9FED308ADFED308AD5
:10C1E0009FED319A308800EE100AF8EE400A60EEBA
:10C1F000880A60EEA80A78EE600AC5ED000A14B15C
:10C20000012C28D11EE0294890ED000AF4EEC00A66
:10C21000F1EE10FA1FDD02F0EFFA254A41F2931316
:10C22000244C1168411A2160A1F2F51710609F4259
:10C2300006D22148012200231146006802F058FA74
:10C24000012408E01D4890ED000AF4EEC00AF1EE6A
:10C2500010FA00D20024002001F0D2F8012809D001
:10C260001748007878B1174890ED000A0120FEF7D2
:10C270002FF80DE00120B0EE490AFEF705F8002086
:10C2800001F070FA04E00120B0EE490AFDF7FCFF6E
:10C29000052000F033F8A5E70000002433335340B5
:10C2A00000008039E800002400000000CC000024D9
:10C2B000E4000024E000002414000024D000002446
:10C2C000C5000024DC00002470B504460D4600269D
:10C2D000A06BA84210D0204601F066F806465EB971
:10C2E0006078012304F13C012A46FEF7ABFC10B153
:10C2F0004FF0FF350126A563304670BD10B500280C
:10C3000000D1012001F006FA002010BD10B502F0A6
:10C3100065FA012801D0012010BD002010BD10B524
:10C3200001F0F4FA002010BD10B5FFF766FE18B159
:10C33000BDE8104002F066BABDE8104002F05CBAF9
:10C3400008B58268D0F800C04168002A07D0C368E9
:10C350002BB100200090604601F088FD08BDBDE8CB
:10C3600008400022604601F05FBD00002DE9F04169
:10C3700084B005460E46029600270197002E20D075
:10C3800003970024B2F1FF3F25D002B11446FFF716
:10C3900034FE010068464FF0100822D0011D3046DF
:10C3A00003AA01F0EFFF012818D00097039810B3FB
:10C3B00018494FF080500860BFF34F8FBFF36F8F65
:10C3C00019E080200090029A0199AA6069602860B3
:10C3D00004B0BDE8F0814FF0FF34D8E7CDF800801D
:10C3E000E4E7011D2246304601F028FF01280BD06A
:10C3F0006CB140200090029A01990098AA6069608F
:10C40000286004B0BDE8F081CDF80080F3E700209B
:10C41000F0E7000004ED00E037B582B005461446B1
:10C4200000200190002C00D10124FFF7E6FDA8B107
:10C430000023284601AA03A901F050FE012802D0DA
:10C4400005B0FF2030BD019898B10B494FF08050E6
:10C450000860BFF34F8FBFF36F8F0AE000232246BF
:10C4600003A9284601F082FD012802D005B0FF2073
:10C4700030BD05B0002030BD04ED00E0416800296A
:10C4800002D0012001F0C2BC012001F0B3BC0000C9
:10C4900038B50546002400200090FFF7AEFD90B1AE
:10C4A0006946284601F079FE012801D0FF2038BDF9
:10C4B000009888B109494FF080500860BFF34F8F52
:10C4C000BFF36F8F08E0002328461A46194601F093
:10C4D0004DFD012800D0FF24204638BD04ED00E0CA
:10C4E00038B5054600200090002D11D00024B1F190
:10C4F000FF3F0FD001B10C46FFF77FFDC0B1002117
:10C500006A46284601F03EFF012806D0FF2038BDCC
:10C51000802038BD4FF0FF34EEE7009880B1094924
:10C520004FF080500860BFF34F8FBFF36F8F07E06D
:10C530002146284601F074FF012801D0FF2038BDB4
:10C54000002038BD04ED00E038B54368002B0BD067
:10C55000012901D0002038BD0320009000220120D5
:10C56000114601F083FC38BD012901D0002038BDFF
:10C5700003220021012001F057FC0446200004D0D2
:10C5800000231A46194601F0F1FC204638BD10B5CB
:10C590000446FFF732FD08B1822010BD204601F0AD
:10C5A0008BF8002010BD000038B50546002400209F
:10C5B0000090FFF722FD90B16946284601F0EDFD9D
:10C5C000012801D0FF2038BD009888B109494FF0FB
:10C5D00080500860BFF34F8FBFF36F8F08E00023D8
:10C5E00028461A46194601F0C1FC012800D0FF2454
:10C5F000204638BD04ED00E038B505460020009027
:10C60000002D11D00024B1F1FF3F0FD001B10C4635
:10C61000FFF7F3FCC0B100216A46284601F0B2FEE4
:10C62000012806D0FF2038BD802038BD4FF0FF34F0
:10C63000EEE7009880B109494FF080500860BFF3E1
:10C640004F8FBFF36F8F07E02146284601F0E8FEC9
:10C65000012801D0FF2038BD002038BD04ED00E0E6
:10C6600030B585B004460D466169B4F9080000296B
:10C6700010D0A16971B1FFF777FD62692B46A169FE
:10C6800001920291009022692168606802F000F82E
:10C69000049010E0FFF768FD04A9019100902B467B
:10C6A000208A216882B2606801F0BCFF012802D0B4
:10C6B00005B0002030BD049805B030BD2DED028BD3
:10C6C00082B04FF0FF36DFF860804FF06409DFF88A
:10C6D0005CB0DFF85CA0184C9FED168A0020314654
:10C6E00033466A4602F000F90098C007F6D0DBF83E
:10C6F0000050D8F80010DAF8003084ED008A01FB11
:10C7000005F25943B2FBF9F5B1FBF9F72846FFF7FB
:10C71000F5FD0A4890ED000A781B84ED000AFFF74A
:10C72000EDFD84ED008AD9E7E0000024D400002468
:10C73000D800002400000000DC000024C800002411
:10C740002DE9F04104460F46194EF5683068001D8A
:10C7500000F0AAFE48B93068012190F82C0001FAD7
:10C7600000F0316921EA00003061B4F1FF3F07D1E8
:10C7700037B13068BDE8F041011D0E4800F0EBBE56
:10C780002C4430684460AC4206D23068011DB06B66
:10C79000BDE8F04100F0C2BE3068011D706B00F0D2
:10C7A000BDFEB06A844200D2B462BDE8F0810000F0
:10C7B000540000247C22002470B5044600F0D8FE0A
:10C7C0001C4DA868401CA860286810B1686938B181
:10C7D0000CE02C60A868012808D100F063F905E09E
:10C7E0002868E16AC06A884200D82C60686A401CE8
:10C7F0006862E06A01212A698140114329610E497A
:10C8000000EB800001EB8000211D00F0A4FE00F091
:10C81000CFFE686900280CD02868E16AC06A8842A7
:10C8200007D206494FF080500860BFF34F8FBFF327
:10C830006F8F70BD54000024A021002404ED00E09F
:10C8400070B50D4C6068002815D00C4E00F090FEBD
:10C85000F068C568281D00F027FEA068401EA06093
:10C860006068401E606000F0A3FE284600F051F8AA
:10C8700060680028EAD170BD5400002468220024BA
:10C880000B46026C002A0CD0C1681144C160D0F87C
:10C8900008C0614501D30168C160C1681846F3F75B
:10C8A000A8BD70472DE9F041044616460027A56B48
:10C8B000226C002A10D0C6B1E068F3F79AFDE16857
:10C8C000206C091AE1602268914202D2A168081A1C
:10C8D000E060022E16D017E02068A8B9A06802F028
:10C8E0004BF807460020A0600EE06068F3F781FD7A
:10C8F000216C606808446060A168884204D32068A5
:10C90000606001E005B16D1E681CA0633846BDE89B
:10C91000F08110B5044694F8511000290BD001297C
:10C9200011D0022914D0502080F31188BFF34F8F0B
:10C93000BFF36F8FFEE7206B00F050FE2046BDE88E
:10C94000104000F04BBE2046BDE8104000F046BE4F
:10C9500010BD416A002904D0006B0068C0F10700D7
:10C9600070470020704700004FF4A041104810F0BD
:10C97000070F06D0C01D20F007000D49411AC1F570
:10C98000A0410C4A1060002353600144083921F093
:10C990000701183A11604B600B600B1A436001608D
:10C9A0004068906050604FF0004050617047000058
:10C9B00090220024A8000024074E4FF08054074D19
:10C9C000FFF73EFF30680128FAD92C60BFF34F8F84
:10C9D000BFF36F8FF4E70000A021002404ED00E016
:10C9E000002808D0002181600160C16000231A4640
:10C9F000194601F0BBBA704703460098002905D0DC
:10CA00000260C3630164012101F068BA0060F8E7C5
:10CA10002DE9F05F82460E4690469B460B9F0A9D8D
:10CA20000C9CA5224FEA8801206BF3F7F4FC206BE5
:10CA3000A8F1010100EB810020F007094FF0000888
:10CA400066B100202218315C82F83410315C11B1DB
:10CA5000401C1028F6D384F8438001E084F8348029
:10CA6000072D00D30625E5626564C4F84880201DC3
:10CA700000F051FD04F1180000F04DFD2461C5F1F6
:10CA80000700A0616462C4F84C8084F850805A4664
:10CA90005146484600F072FA2060002F00D03C60FA
:10CAA000BDE8F09F70B500240F4D04EB840005EB4A
:10CAB000800000F025FD641C072CF6D30B4800F025
:10CAC0001FFD0B4800F01CFD0A4800F019FD0A4844
:10CAD00000F016FD094800F013FD094803494163C1
:10CAE0001431816370BD0000A02100242C22002499
:10CAF0004022002454220024682200247C220024A6
:10CB0000540000244DF8044D144900E011460A6811
:10CB10008242FBD34B6803EB010C844503D1406890
:10CB20001844486008460C68D0F804C00CEB0003B9
:10CB3000A3420CD10A4B1B689A4206D05268624449
:10CB400042600A681268026002E0036000E002606E
:10CB5000814200D008605DF8044B7047A8000024B3
:10CB60009000002410B5044600F002FDA06B20B137
:10CB7000002400F01DFD204610BD0124F9E710B58A
:10CB8000044600F0F5FCA06BE16B884201D1012462
:10CB900000E0002400F00CFD204610BD0749486B62
:10CBA0000068002805D0486BC068C068406888628B
:10CBB00070474FF0FF308862704700005400002437
:10CBC0000A484068B0F1FF3F07D0502080F3118839
:10CBD000BFF34F8FBFF36F8FFEE7502080F31188B4
:10CBE000BFF34F8FBFF36F8FFEE70000B00000244C
:10CBF00070B5044600F0BCFC94F94550002D0CDDE6
:10CC0000606A50B104F1240001F04EFF08B100F059
:10CC100009FE681E45B2002DF2DC4FF0FF3684F8A5
:10CC2000456000F0C5FC00F0A3FC94F94450002DD1
:10CC30000CDD206950B104F1100001F035FF08B19E
:10CC400000F0F0FD681E45B2002DF2DC84F844606F
:10CC5000BDE8704000F0ACBC2DE9F04704460D463D
:10CC600017460226022D4FD3206AA8424CD92078BD
:10CC70004FF00109012804D0022846D0032843D1EF
:10CC80005DE005EB5508A089E16AB8FBF0F00144CE
:10CC90002046FFF719FB0646300074D1A08908F141
:10CCA000010AB8FBF0F100FB118020443C3015F084
:10CCB000010F04D00178FAB262F31F1100E0394687
:10CCC000017084F80390A089E16ABAFBF0F0014496
:10CCD0002046FFF7F9FA0646300054D1A089BAFB86
:10CCE000F0F100FB11A020443C3015F0010F02D000
:10CCF000C7F3071105E00178C7F3032201F0F00143
:10CD00001143017084F803903DE0A089E16A400876
:10CD1000B5FBF0F001442046FFF7D6FA0646300096
:10CD200031D1A1896800B0FBF1F201FB1200B9B268
:10CD300020443C3000F0E0FA84F8039023E0A0891E
:10CD4000E16A8008B5FBF0F001442046FFF7BCFA29
:10CD50000646300017D1A089AD00B5FBF0F100FB0D
:10CD6000115020443C30FFF7AEF9014667F31B0138
:10CD7000A089B5FBF0F200FB125020443C3000F0DB
:10CD8000B1FA84F803903046BDE8F0872DE9F05FF2
:10CD900081460E46904673730F20F0720020307368
:10CDA000002106F11A0000F0A7FAA8F1010000EB3B
:10CDB000800101EBC00500242746DFF840B04FF6A4
:10CDC000FF7A544503D028466D1C39F810401BF8F3
:10CDD00007002146304400F08FFA0CB94FF6FF747B
:10CDE0007F1C0D2FEDD3544502D039F8150008B93A
:10CDF00048F0400886F80080BDE8F09FC0ED0008CC
:10CE0000F8B504460E460A2E03D10D212046FFF741
:10CE1000F7FF6068002816DB451C204406733D2D93
:10CE20000DDB206804F10C016B462A46FEF763FC1B
:10CE30000098A84201D1002501E04FF0FF35656060
:10CE4000A068401CA060F8BD38B504466268002A9E
:10CE50000CDB206804F10C016B46FEF74CFC28B992
:10CE600060680099884201D1A06838BD4FF0FF305A
:10CE700038BD016000214160816070472DE9F041BB
:10CE80000546002600F086FD344F386808B9FFF7E4
:10CE90006BFD7869054251D19DB1083515F0070F3A
:10CEA0000FD005F00700C0F10800054415F0070F8A
:10CEB00007D0502080F31188BFF34F8FBFF36F8FDF
:10CEC000FEE7002D3AD07868854237D824490846D5
:10CED000046801E0214604466068A84202D2206846
:10CEE0000028F7D13868844228D0086800F1080685
:10CEF000206808606068411B10290FD9601910F084
:10CF0000070F07D0502080F31188BFF34F8FBFF376
:10CF10006F8FFEE741606560FFF7F4FD6168786838
:10CF2000401A7860BA68904200D2B86078690843C5
:10CF3000606000202060F868401CF86001F0F0FD9F
:10CF400016F0070F07D0502080F31188BFF34F8FE2
:10CF5000BFF36F8FFEE73046BDE8F08190000024FC
:10CF6000A800002404490868002803D00868826CDF
:10CF7000521C82640868704754000024001F4FF060
:10CF800080730360001F21F001010160001F05494B
:10CF9000016014380260001F6FF002010160203848
:10CFA00070470000C1CB00082DE9F04107460E464E
:10CFB00011463C68022E02D3206AB04202D80220F9
:10CFC000BDE8F08131B14FF0FF322046FFF744FE5B
:10CFD0000028F5D131463846FEF76BFF0546CDB146
:10CFE000012D1AD0B5F1FF3F1AD00022314620465C
:10CFF000FFF732FE0028E3D1216AE0698A1E9042E1
:10D0000005D2401CE061207940F0010020712E46DD
:10D01000B142DFD80020BDE8F0810220BDE8F081F8
:10D020000120BDE8F0810000ADF5885DF4F78EFECB
:10D03000DFF840A10DF12008DFF83CB14F4E544617
:10D04000BAF8000000283DD0A01C4DA1F3F70EFA5D
:10D0500030B1A01C4CA1F3F709FA002822D02FE030
:10D06000307808B14AA029E00A22454650A140463E
:10D07000FEF7BEF908B152A00BE05DA000F0F4F994
:10D0800001202946307062A0FEF7CBFA401C17D170
:10D0900067A000F0E9F92846FDF714FE002000F033
:10D0A00061FB0DE0307840B166A000F0DDF940464C
:10D0B000FDF708FE0020307002E069A000F0D4F90E
:10D0C00000202080DBF800004FF0FF31FFF794FADA
:10D0D0000028B4D130780028B1D041F25007674C15
:10D0E0006F44002507F180092168226805EB85005F
:10D0F00001EB800302EB80015A7991F90410CDE92C
:10D100000612216801EB800191ED040AB7EEC00A16
:10D110008DED040B216801EB800191ED030AB7EE60
:10D12000C00A8DED020B216801EB800191ED020A2E
:10D13000B7EEC00A8DED000B216851A251F82030E6
:10D1400080213846FCF786FA3846F3F788F902461C
:10D150004B4639464046FEF7CEFA18B14DA000F0D6
:10D1600083F902E06D1C802DBEDB4046FEF76EFAAF
:10D1700065E700009C0800241C000024C400002473
:10D18000737461727400000073746F7000000000AB
:10D19000CEC4BCFED2D1BEADB4F2BFAAA3ACCEDE2B
:10D1A000D0E8D6D8B8B4B4F2BFAAA1A30D0A000043
:10D1B00063616E5F646174612E63737600000000CA
:10D1C000CEDEB7A8B4F2BFAA2FB4B4BDA8CEC4BCFB
:10D1D000FEA3ACC7EBBCECB2E95344BFA8BBF2D68C
:10D1E000D8D0C2B8F1CABDBBAF210D0A0000000003
:10D1F000CEC4BCFEB4F2BFAAB3C9B9A6A3ACC6F4F0
:10D20000D3C3CEC4BCFED0B4C8EBA1A30D0A0000AA
:10D2100054696D652C506F732C5370642C43757278
:10D220002C54656D702C4572726F720A00000000FC
:10D23000CEC4BCFECDB7D0B4C8EBCAA7B0DCA3A1A6
:10D240000D0A0000CDA3D6B9D0B4C8EBCAFDBEDD2F
:10D25000A3ACB9D8B1D5CEC4BCFE2E2E2E0D0A007B
:10D26000CEC4BCFEC9D0CEB4B4F2BFAAA3ACCEDE4D
:10D27000B7A8B9D8B1D5A1A30D0A00005000002469
:10D2800025642C25662C25662C25662C25642C25EA
:10D29000640A0000CEC4BCFED0B4C8EBCAA7B0DCA0
:10D2A000A3ACC7EBBCECB2E95344BFA8BBF2D6D8E1
:10D2B000D0C2B8F1CABDBBAF210D0A0070B5064699
:10D2C0000C461546A9B204F11A0000F015F83078A2
:10D2D000032806D1290C04F11400BDE8704000F0C9
:10D2E0000BB870BD421C0170080A511C1070000A76
:10D2F0000870000A48707047421C0170080A1070DC
:10D300007047014600200B22430803EBC01011F8C0
:10D31000013B1844C0B2521EF6D1704770B50446A6
:10D32000204600F041F80546002D37D1207803282B
:10D330002DD1207901282AD1A289002104F13C00B5
:10D34000FEF72DFF04F23A204AF65521FFF7D4FFED
:10D35000134904F13C00FFF7C5FF124904F50870BA
:10D36000FFF7C0FFE16904F50970FFF7BBFFA16992
:10D3700004F50A70FFF7B6FFA06A421CA26360784A
:10D38000012304F13C01FDF779FC0020207100220B
:10D3900060781146FDF748FC00B10125284670BDB4
:10D3A00052526141727241612DE9F04104460027F9
:10D3B000E078002820D0A66B0123607804F13C01BE
:10D3C0003246FDF75BFC08B1012715E00020E07054
:10D3D000E06A616A301A88420ED2A578022D0BD31A
:10D3E000606A064460780123324604F13C01FDF78F
:10D3F00045FC6D1E022DF3D23846BDE8F0810000D9
:10D40000044900EBC00001EB8000C07CC0F3401079
:10D410007047000090720024002808D00C2906D024
:10D420000B2904D00F2902D04069FEF7B2BA704729
:10D430000FB40B4870B5094C05AAA4F10805226089
:10D440000499FCF735F982B22A8000202060044953
:10D450000448FAF7B1F970BC5DF814FB3C000024F5
:10D46000A00A0024500500240FB40D4840F2011119
:10D4700070B50A4C05ABA4F10C052360049AFCF7C7
:10D4800001F982B26A80002020600549FF23054827
:10D49000FAF732F970BC5DF814FB0000400000247C
:10D4A000A00B0024500500240169436882689A603B
:10D4B000836842685A604A68824201D182684A6041
:10D4C000002202610868401E08600868704700007A
:10D4D00010B5044C8023046004F15400086013600C
:10D4E00010BD00000401002401A0FFF7BDBF000033
:10D4F000C8CECEF1A3BA257320D2E7B3F60D0A0049
:10D5000000F1080141604FF0FF328260C1600161AB
:10D510000021016070470021016170474DF8044D02
:10D52000D1F800C0BCF1FF3F02D000F1080202E0D8
:10D53000026904E01A4653681C686445FAD95368C6
:10D540004B6099608A60516008610168491C016004
:10D550005DF8044B704742684A6093688B6093683B
:10D560005960916008610168491C016070470000C2
:10D57000502080F31188BFF34F8FBFF36F8F0A499C
:10D580004868401C486001280CD10848006810F029
:10D59000FF0F07D0502080F31188BFF34F8FBFF3E8
:10D5A0006F8FFEE770470000B000002404ED00E03C
:10D5B00009494868002806D0401E4860002801D16B
:10D5C00080F311887047502080F31188BFF34F8F8C
:10D5D000BFF36F8FFEE70000B000002470B5002895
:10D5E0002AD0A0F10804154D60686969084207D186
:10D5F000502080F31188BFF34F8FBFF36F8FFEE78A
:10D6000022683AB1502080F31188BFF34F8FBFF3E7
:10D610006F8FFEE78843606000F0BCF9606869685E
:10D62000084468602046FFF76DFA2869401C2861AD
:10D63000BDE8704001F074BA70BD00009000002495
:10D640004FF0E0200021016181614FF47A720449BA
:10D650000968B1FBF2F1491E416107210161704780
:10D660002C00002410B5F2F77DFE114910280ED3CE
:10D6700000F1E02090F8F0030A78904207D25020A1
:10D6800080F31188BFF34F8FBFF36F8FFEE7094818
:10D690000068896800F4E060884207D9502080F370
:10D6A0001188BFF34F8FBFF36F8FFEE710BD0000EF
:10D6B000B00000240CED00E010B50446002C0BD0A7
:10D6C000204600F013F894F8460000280CD12046BC
:10D6D000BDE81040FFF782BF502080F31188BFF3F0
:10D6E0004F8FBFF36F8FFEE710BD00000021084A87
:10D6F00002EBC1035B68834206D1002042F831008F
:10D7000002EBC10148607047491C0829F0D37047FB
:10D7100060210024024610B50020002A12D00F48D4
:10D72000006B38B1502080F31188BFF34F8FBFF3E7
:10D730006F8FFEE700F02EF900211046FFF700F88A
:10D7400001F0EEF9002807D105494FF0805008603C
:10D75000BFF34F8FBFF36F8F10BD00005400002444
:10D7600004ED00E070B50446FFF702FF254D04B953
:10D770002C68201DFFF798FE68B9E06A224A00EB8A
:10D78000800152F8211031B9012101FA00F0296914
:10D7900021EA00002861A06A18B104F11800FFF71F
:10D7A00083FE686A401C68622868844207D1174873
:10D7B000211DFFF7D0FE6868401C686007E0A8687C
:10D7C000401EA8602046FFF7A4F8FFF7E7F9FFF72F
:10D7D000EFFE6869002814D02868844211D1286BB4
:10D7E00038B1502080F31188BFF34F8FBFF36F8F94
:10D7F000FEE707494FF080500860BFF34F8FBFF33B
:10D800006F8F70BD54000024A021002468220024E2
:10D8100004ED00E002490A6A0260C968416070478D
:10D820005400002401490120C861704754000024BD
:10D8300010B50C4600280BD0094A126802F11801F5
:10D84000FFF76CFE2046BDE810400121FEF778BFCF
:10D85000502080F31188BFF34F8FBFF36F8FFEE727
:10D860005400002470B50446002849D0A26CA2B12F
:10D87000606C884200D30146E06A884240D0012AA9
:10D880003ED1204D2A6894420FD1502080F3118858
:10D89000BFF34F8FBFF36F8FFEE7502080F31188E7
:10D8A000BFF34F8FBFF36F8FFEE7E162A26912F003
:10D8B000004F02D1C1F10701A161134E00EB8000BE
:10D8C000616906EB800081421AD1201DFFF7ECFD53
:10D8D000012138B994F82C002A6901FA00F022EAF3
:10D8E00000002861E06A2A6981401143296100EB48
:10D8F0008000211D06EB8000BDE87040FFF72BBEC5
:10D9000070BD000054000024A021002410B586B092
:10D9100000240594049403AA04A905A8FFF7D8FDE0
:10D9200005980023049902901848039A00940191E5
:10D9300014A100F0ADFE1649C86208B1012000E054
:10D94000002001280AD0B0F1FF3F19D1502080F308
:10D950001188BFF34F8FBFF36F8FFEE7502080F326
:10D960001188BFF34F8FBFF36F8F4FF0FF30886286
:10D9700001204861CC6006B0BDE8104000F0B8B9A5
:10D9800006B010BD49444C4500000000B9C900086C
:10D99000540000240248016B491C016370470000D9
:10D9A0005400002410B5214C206B002802D0012027
:10D9B000E06110BD0020E0612068006B0168B1F1FA
:10D9C000A53F0BD14168B1F1A53F07D18168B1F105
:10D9D000A53F03D1C068B0F1A53F05D0206800F194
:10D9E00034012068FFF780FD2069B0FA80F0C0F1B3
:10D9F0001F000F4900EB800051F8202072B101EBAD
:10DA0000800041684968416000F10802914201D1FB
:10DA1000496841604068C068206010BD502080F3B4
:10DA20001188BFF34F8FBFF36F8FFEE754000024C0
:10DA3000A021002470B504460E460925002C19D0FB
:10DA40002068B8B10178A9B1A188C288914211D1EA
:10DA5000FEF749FB68B120684078FDF703F910F044
:10DA6000010F04D020680021FFF7D6FC02E000255A
:10DA700000E00F251DB100203060284670BD2068F1
:10DA8000FAE700001FB5624C0025208890B1A01C69
:10DA900060A1F2F7D2FC002804F1020160A006D0D8
:10DAA000FFF7C6FC5FA02580FCF7C0FA06E0FFF791
:10DAB000BFFC25800520FEF721FCE6E72088A0B109
:10DAC000A01C5CA1F2F7B9FC002804F1020154A0EB
:10DAD00008D0FFF7ADFC58A2258059A15CA0FCF747
:10DAE000A5FA06E0FFF7A4FC25800120FEF706FC5E
:10DAF000E4E7208890B1A01C4EA1F2F79EFC00281C
:10DB000004F1020146A006D0FFF792FC57A0258041
:10DB1000FCF78CFA06E0FFF78BFC25800120FEF76E
:10DB2000EDFBE6E7208890B1A01C42A1F2F785FC4E
:10DB3000002804F102013AA006D0FFF779FC4FA0BB
:10DB40002580FCF773FA06E0FFF772FC25800120C0
:10DB5000FEF7D4FBE6E7A01C4CA1F2F76EFC002810
:10DB600004F102012EA006D0FFF762FC484E4FF0F0
:10DB7000FF37258006E0FFF75BFC01202580FEF7DC
:10DB8000BDFBE8E730683946FEF7AAFCD0B941484A
:10DB900090ED000A4048B7EEC00A8DED020B90ED03
:10DBA000020A3E48B7EEC00A8DED000B90ED000A68
:10DBB0003BA0B7EEC00A53EC102BFCF737FA3068E5
:10DBC000FEF766FC2088F0B10522A01C39A1F2F70F
:10DBD0005BFC30B10322A01C38A1F2F755FC30B138
:10DBE00010E03748017881F0010101700AE0354A00
:10DBF00035493648364B8DE80700364AA01C36A119
:10DC0000F2F752FC25801420FEF778FBBAE70000FB
:10DC10009E0900245749464920474F542049500047
:10DC20002573000041542B4349504D55583D300D4C
:10DC30000A0000004F4B000031313131000000007C
:10DC40003139322E3136382E3133322E353500000F
:10DC500041542B43495053544152543D2254435054
:10DC6000222C222573222C25730D0A0041542B43AC
:10DC700049504D4F44453D310D0A000041542B435E
:10DC8000495053454E440D0A000000003E0000007C
:10DC900018000024E80000244C0D0024DC000024BF
:10DCA000252E326620252E326620252E32660D0A5C
:10DCB00000000000737461727400000073657400EA
:10DCC000C5000024D8000024D4000024D000002483
:10DCD000CC000024C8000024736574253666253402
:10DCE0006625346625303264253032640000000039
:10DCF00010B582B038480168384A914207D15020A7
:10DD000080F31188BFF34F8FBFF36F8FFEE700687A
:10DD10003349884207D1502080F31188BFF34F8FD9
:10DD2000BFF36F8FFEE72F4908780190FF2008703E
:10DD3000087800909DF800009DF8002000F0F000A9
:10DD4000904207D0502080F31188BFF34F8FBFF36C
:10DD50006F8FFEE79DF80000234C00F0500020700C
:10DD60000720A0609DF8000010F0800F0BD0A06885
:10DD7000401EA0609DF80000400000909DF800004B
:10DD800010F0800FF3D1A068032807D0502080F353
:10DD90001188BFF34F8FBFF36F8FFEE74FF44070D2
:10DDA000A060019808701148016841F47001016099
:10DDB000016841F070410160FFF742FC00206060A3
:10DDC000F2F798FA0A48016841F040410160F2F721
:10DDD0007DFA02B0002010BD00ED00E071C20F41DD
:10DDE00070C20F4100E400E0B000002420ED00E02C
:10DDF00034EF00E010B500210246012000F014F8D5
:10DE000004462046FEF7ECFD204610BD38B5002242
:10DE10000B4611460090012000F028F804462046E9
:10DE2000FEF7DEFD204638BDF8B505460E4617461E
:10DE3000002D13D005FB06F04830FFF71FF804460D
:10DE400054B104F14802002084F846003B463146B4
:10DE500028460094FEF7D0FD2046F8BD502080F300
:10DE60001188BFF34F8FBFF36F8FFEE738B5049D66
:10DE7000002804D05BB102B189B1C2B120E05020CA
:10DE800080F31188BFF34F8FBFF36F8FFEE75020F1
:10DE900080F31188BFF34F8FBFF36F8FFEE75020E1
:10DEA00080F31188BFF34F8FBFF36F8FFEE739B157
:10DEB000502080F31188BFF34F8FBFF36F8FFEE7C1
:10DEC0004FF0480CCDF800C01C46012384F84630C2
:10DED0002B460094FEF790FD204638BD70B50446F1
:10DEE0000D46002C25D0FFF743FB226CE16B206828
:10DEF00001FB0200A0600020A06320686060E16B6D
:10DF0000226C491E206801FB0200E0604FF0FF30E8
:10DF100084F8440084F845009DB104F11000FFF737
:10DF2000EFFA04F12400FFF7EBFAFFF741FB0120C1
:10DF300070BD502080F31188BFF34F8FBFF36F8FF8
:10DF4000FEE720690028F0D004F1100000F0ACFDDD
:10DF50000028EAD004494FF080500860BFF34F8F8B
:10DF6000BFF36F8FE1E7000004ED00E02DE9FF470C
:10DF700082B004468A461F460025002C03D0BAF121
:10DF8000000F08D011E0502080F31188BFF34F8FAD
:10DF9000BFF36F8FFEE7206C38B1502080F31188FB
:10DFA000BFF34F8FBFF36F8FFEE7022F0AD1E06BF5
:10DFB000012807D0502080F31188BFF34F8FBFF3A3
:10DFC0006F8FFEE700F00AFC48B9049838B1502082
:10DFD00080F31188BFF34F8FBFF36F8FFEE7DFF839
:10DFE000F89000264FF08058FFF7C2FAA06BE16B63
:10DFF000884205D3022F03D0049808B335B329E033
:10E000003A4651462046FEF74DFC616A59B104F18B
:10E01000240000F049FD68B1C9F80080BFF34F8FBC
:10E02000BFF36F8F06E028B1C9F80080BFF34F8FB0
:10E03000BFF36F8FFFF7BCFA06B00120BDE8F08791
:10E04000FFF7B6FA06B00020BDE8F0876846FFF794
:10E05000E1FB0125FFF7ACFAFFF79CFCFFF788FA1C
:10E0600094F94400B0F1FF3F01D184F8446094F981
:10E070004500B0F1FF3F01D184F84560FFF798FA01
:10E0800004A9684600F08EFA40B12046FEF7B0FDC4
:10E0900000F046FD06B00020BDE8F0872046FEF700
:10E0A0006EFD90B1049904F11000FFF7C1FB20460A
:10E0B000FEF79EFD00F034FD002895D1C9F80080E0
:10E0C000BFF34F8FBFF36F8F8EE72046FEF790FDB3
:10E0D00000F026FD88E7000004ED00E02DE9F047A0
:10E0E0000446894617461E46002C03D0B9F1000F9E
:10E0F00008D011E0502080F31188BFF34F8FBFF399
:10E100006F8FFEE7206C38B1502080F31188BFF389
:10E110004F8FBFF36F8FFEE7022E0AD1E06B01280D
:10E1200007D0502080F31188BFF34F8FBFF36F8F5C
:10E13000FEE7FFF797FA5020EFF3118880F311887C
:10E14000BFF34F8FBFF36F8FA06BE16B884206D395
:10E15000022E04D0002088F31188BDE8F08794F9DE
:10E160004550A06B324649462046FEF79BFBB5F171
:10E17000FF3F04D0681C84F845000120EBE7606A8B
:10E180000028FAD004F1240000F08EFC0028F4D01E
:10E19000002FF2D001203860EFE770B504460D463D
:10E1A000002C09D0206C78B1502080F31188BFF387
:10E1B0004F8FBFF36F8FFEE7502080F31188BFF3BE
:10E1C0004F8FBFF36F8FFEE7206848B9A06838B162
:10E1D000502080F31188BFF34F8FBFF36F8FFEE79E
:10E1E000FFF740FA5020EFF3118680F31188BFF358
:10E1F0004F8FBFF36F8FA06BE16B814219D994F9F8
:10E200004520401CA063B2F1FF3F04D0501C84F8AD
:10E21000450001200EE0606A0028FAD004F12400D5
:10E2200000F042FC0028F4D0002DF2D0012028603C
:10E23000EFE7002086F3118870BD00002DE9F74755
:10E2400083B004468A460025002C03D0BAF1000FA3
:10E2500008D011E0502080F31188BFF34F8FBFF337
:10E260006F8FFEE7206C38B1502080F31188BFF328
:10E270004F8FBFF36F8FFEE700F0B0FA48B90598F3
:10E2800038B1502080F31188BFF34F8FBFF36F8FE9
:10E29000FEE7DFF8EC9000274FF08058FFF768F9B1
:10E2A000A66BC6B151462046FEF7EAFA701EA0637F
:10E2B000206950B104F1100000F0F6FB28B1C9F854
:10E2C0000080BFF34F8FBFF36F8FFFF771F906B078
:10E2D0000120BDE8F087059808B135B109E0FFF7E6
:10E2E00067F906B00020BDE8F0876846FFF792FAAC
:10E2F0000125FFF75DF9FFF74DFBFFF739F994F9B9
:10E300004400B0F1FF3F01D184F8447094F9450016
:10E31000B0F1FF3F01D184F84570FFF749F905A935
:10E32000684600F03FF968B12046FEF761FC00F056
:10E33000F7FB2046FEF716FC0028AFD006B0002001
:10E34000BDE8F0872046FEF70DFC90B1059904F179
:10E350002400FFF76DFA2046FEF74AFC00F0E0FBD0
:10E3600000289BD1C9F80080BFF34F8FBFF36F8F98
:10E3700094E72046FEF73CFC00F0D2FB8EE700005D
:10E3800004ED00E02DE9F047044689461746002CCD
:10E3900003D0B9F1000F08D011E0502080F31188AC
:10E3A000BFF34F8FBFF36F8FFEE7206C38B1502063
:10E3B00080F31188BFF34F8FBFF36F8FFEE7FFF736
:10E3C00051F95020EFF3118880F31188BFF34F8F7C
:10E3D000BFF36F8FA56BEDB194F9446049462046B9
:10E3E000FEF74EFA681EA063B6F1FF3F04D0701C22
:10E3F00084F8440001200EE020690028FAD004F1DE
:10E40000100000F051FB0028F4D0002FF2D00120C2
:10E410003860EFE7002088F31188BDE8F08700003E
:10E420002DE9F34383B0044600250026002C09D0D3
:10E43000206C78B1502080F31188BFF34F8FBFF369
:10E440006F8FFEE7502080F31188BFF34F8FBFF32B
:10E450006F8FFEE700F0C2F948B9049838B1502038
:10E4600080F31188BFF34F8FBFF36F8FFEE7DFF8A4
:10E47000309100274FF08058FFF77AF8A06BC8B1B1
:10E48000401EA063206810B9FEF76CFDA0602069F3
:10E4900050B104F1100000F007FB28B1C9F800806A
:10E4A000BFF34F8FBFF36F8FFFF782F805B00120E6
:10E4B000BDE8F083049808B17DB112E03EB1502070
:10E4C00080F31188BFF34F8FBFF36F8FFEE7FFF725
:10E4D0006FF805B00020BDE8F0836846FFF79AF9B1
:10E4E0000125FFF765F8FFF755FAFFF741F894F9B2
:10E4F0004400B0F1FF3F01D184F8447094F9450025
:10E50000B0F1FF3F01D184F84570FFF751F804A93D
:10E51000684600F047F8D0B12046FEF769FB00F0EE
:10E52000FFFA2046FEF71EFB0028A5D05EB1FFF7DC
:10E530001FF82046FEF70DFAA26801461046FFF7C5
:10E5400091F9FFF735F805B00020BDE8F0832046CB
:10E55000FEF708FBE8B1206838B9FFF709F8A068B2
:10E5600000F058FA0646FFF723F8049904F1240056
:10E57000FFF75EF92046FEF73BFB00F0D1FA0028DA
:10E580007FF47AAFC9F80080BFF34F8FBFF36F8F6E
:10E5900072E72046FEF72CFB00F0C2FA6CE70000A1
:10E5A00004ED00E070B505460C46002D15D0E4B131
:10E5B000FEF7DEFFDFF868C0DCF80C006B68C11AFC
:10E5C0002268B2F1FF3F18D02E68DCF820C0664503
:10E5D00015D0834213D801241DE0502080F3118808
:10E5E000BFF34F8FBFF36F8FFEE7502080F311888A
:10E5F000BFF34F8FBFF36F8FFEE700240BE08A421B
:10E6000006D9501A20602846FFF704F9002402E0DA
:10E61000002020600124FEF7CBFF204670BD0000E3
:10E62000540000242DE9F04F85B081468A4690467B
:10E630009B460F9F0E9E4FEA8800FEF71FFC054683
:10E6400028000AD05420FEF719FC04460CB12563BB
:10E6500004E02846FEF7C2FF00E000249CB1002041
:10E6600084F851005B464246514601970096029459
:10E6700003904846FEF7CCF92046FEF79DF805B01A
:10E680000120BDE8F08F05B04FF0FF30BDE8F08FFE
:10E6900070B586B00646DDF828C00C9C0B980028A3
:10E6A00016D0ECB1542504952063022084F8510063
:10E6B000002005ADCDF800C00195029403903046CE
:10E6C000FEF7A6F92046FEF777F8059806B070BD6C
:10E6D000502080F31188BFF34F8FBFF36F8FFEE799
:10E6E000502080F31188BFF34F8FBFF36F8FFEE789
:10E6F0002DE9F0410D4690461E460127002812D014
:10E700000446FEF735FF0EB1E06C306094F850001F
:10E71000022184F85010B8F1050F1CD2DFE808F090
:10E72000270B0F131500502080F31188BFF34F8F74
:10E73000BFF36F8FFEE7E16C2943E16417E0E16C02
:10E74000491CE16413E0E56411E0022801D0E564AE
:10E750000DE000270BE0E16CB1F1FF3F07D0502046
:10E7600080F31188BFF34F8FBFF36F8FFEE701284F
:10E7700028D1201DFEF798FE154D0121E06A2A6977
:10E78000814011432961134900EB800001EB8000B7
:10E79000211DFEF7E0FEA06A38B1502080F31188F9
:10E7A000BFF34F8FBFF36F8FFEE7E06A2968C96A36
:10E7B000884207D908494FF080500860BFF34F8F57
:10E7C000BFF36F8FFEF7F4FE3846BDE8F08100001E
:10E7D00054000024A021002404ED00E00548416914
:10E7E000002903D0006B18B100207047012070474A
:10E7F00002207047540000240148C06870470000A0
:10E800005400002410B5FEF72DFF0148C06810BD6C
:10E81000540000242DE9F0470026314F386B0028C2
:10E8200005D0B869401CB8613046BDE8F087F8688B
:10E83000451CFD609DB9786B006838B1502080F3AD
:10E840001188BFF34F8FBFF36F8FFEE7786BB96B03
:10E850007963B863386A401C3862FEF79FF9B86A7A
:10E86000DFF8808085420FD34FF00109786B006894
:10E8700038B1786BC068C4686068854212D2B862EB
:10E8800002E04FF0FF30B8623868C06A00EB8000E9
:10E8900058F82000012800D90126F8690028C3D0C3
:10E8A0000126C1E7201DFEF7FFFDA06A18B104F1A3
:10E8B0001800FEF7F9FDE16A3A6909FA01F0104320
:10E8C000386101EB8100211D08EB8000FEF743FE5B
:10E8D000E06A3968C96A8842C8D30126C6E70000E1
:10E8E00054000024A02100242DE9F04180460E466A
:10E8F00014461F46FEF73CFE1D4D286890F8500058
:10E90000022818D0286800F14C0CC06C20EA0800DE
:10E91000CCF800002968012081F850005FB1012186
:10E920003846FDF70DFF13494FF080500860BFF3E4
:10E930004F8FBFF36F8FFEF73BFEFEF719FE14B14A
:10E940002868C06C2060286890F85000022801D028
:10E95000002404E02868C16CB143C1640124296823
:10E96000002081F85000FEF723FE2046BDE8F0812C
:10E970005400002404ED00E070B504460021002896
:10E9800041D0224D2868844207D0502080F311885E
:10E99000BFF34F8FBFF36F8FFEE7A06C38B1401EFF
:10E9A000A064636CE26A9A422DD040B12BE0502003
:10E9B00080F31188BFF34F8FBFF36F8FFEE7201DE9
:10E9C000FEF772FD1249012258B9E06A00EB80039C
:10E9D00051F823302BB92B6902FA00F023EA00002A
:10E9E0002861606CE062C0F10700A061E06A2B69F9
:10E9F00082401A432A6100EB800001EB8000211D58
:10EA0000FEF7A9FD0121084670BD00005400002456
:10EA1000A021002470B504460020002C37D0204DE2
:10EA2000E16A2A68D26A914232D2A06910F0004F9E
:10EA300004D12868C06AC0F10700A061E06A194EDD
:10EA4000616900EB800006EB800081421BD1201D34
:10EA5000FEF72AFD012138B994F82C002A6901FA41
:10EA600000F022EA000028612868C06AE0622A6992
:10EA700081401143296100EB8000211D06EB8000DD
:10EA8000FEF769FD02E02868C06AE062012070BDFF
:10EA9000616C2A68D26A9142F9D2012070BD0000EF
:10EAA00054000024A021002470B5C068C468002C64
:10EAB00014D004F11800FEF7F7FC164D286B012660
:10EAC000A0B1154804F11801FEF745FDE06A296878
:10EAD000C96A88421CD90120EE6170BD502080F3C4
:10EAE0001188BFF34F8FBFF36F8FFEE7201DFEF736
:10EAF000DBFCE06A2A6906FA00F111432961074943
:10EB000000EB800001EB8000211DFEF724FDDDE716
:10EB1000002070BD5400002454220024A0210024B1
:10EB20002DE9F0470024A0462D4D286B002807D082
:10EB3000FEF71EFD286B401E2863286B40B149E09C
:10EB4000502080F31188BFF34F8FBFF36F8FFEE724
:10EB5000A86800283ED0234F3868012600B3A7F1EB
:10EB6000B409F868C46804F11800FEF79DFC201D84
:10EB7000FEF79AFCE06A2A6906FA00F1114329615E
:10EB800000EB8000211D09EB8000FEF7E4FCE06A49
:10EB90002968C96A884200D3EE6138680028E0D14C
:10EBA0000CB1FDF7FBFFAC6944B1FFF733FE00B1D8
:10EBB000EE61641E002CF8D10020A861E86948B11C
:10EBC0004FF0010808494FF080500860BFF34F8FA5
:10EBD000BFF36F8FFEF7ECFC4046BDE8F087000006
:10EBE000540000245422002404ED00E0F8F1000851
:10EBF00031A60008000000000000000080000000B6
:10EC00000000000000000000D8F1000829D0000832
:10EC100000000000000000000010000000000000E4
:10EC200000000000F0F10008ADC100080300000082
:10EC30000000000080000000000000000000000054
:10EC4000E8F1000885DA000800000000000000007C
:10EC5000800000000000000000000000E0F100085B
:10EC6000BDC6000802000000000000008000000097
:10EC7000000000000000000000061016000610163C
:10EC80000001020304050607080C10141820304088
:10EC90000000000000000000000000000000000074
:10ECA000000000000100000002000000030000005E
:10ECB000040000000000000005000000000000004B
:10ECC000000000000000000006000000000000003E
:10ECD000000000000000000007000000010002002A
:10ECE0000400060008000A000C001000200040008C
:10ECF0008000000101010103070100000804020473
:10ED000008010101000000000102030401020304E4
:10ED10000607080932000A0008000000818900087F
:10ED2000CD8A0008498A0008D18A0008E1890008D4
:10ED30000A000000020000000000000000000000C7
:10ED40004355454141414143454545494949414173
:10ED50004592924F4F4F5555594F554F9C4F9E9F3F
:10ED600041494F55A5A5A6A7A8A9AAABACADAEAF82
:10ED7000B0B1B2B3B4414141B8B9BABBBCBDBEBF7A
:10ED8000C0C1C2C3C4C54141C8C9CACBCCCDCECF16
:10ED9000D1D145454549494949D9DADBDCDD49DF6F
:10EDA0004FE14F4F4F4FE6E8E85555555959EEEFB3
:10EDB000F0F1F2F3F4F5F6F7F8F9FAFBFCFDFEFFDB
:10EDC00001030507090E10121416181C1E0001007D
:10EDD00004001000400000010002000001000200D9
:10EDE00004000800100020000000C700FC00E9003B
:10EDF000E200E400E000E500E700EA00EB00E800E4
:10EE0000EF00EE00EC00C400C500C900E600C6003B
:10EE1000F400F600F200FB00F900FF00D600DC0071
:10EE2000F800A300D800D7009201E100ED00F30044
:10EE3000FA00F100D100AA00BA00BF00AE00AC0099
:10EE4000BD00BC00A100AB00BB009125922593251D
:10EE500002252425C100C200C000A9006325512558
:10EE600057255D25A200A5001025142534252C2545
:10EE70001C2500253C25E300C3005A25542569259F
:10EE80006625602550256C25A400F000D000CA003E
:10EE9000CB00C8003101CD00CE00CF0018250C25D5
:10EEA00088258425A600CC008025D300DF00D4006F
:10EEB000D200F500D500B500FE00DE00DA00DB0070
:10EEC000D900FD00DD00AF00B400AD00B100172097
:10EED000BE00B600A700F700B800B000A800B70059
:10EEE000B900B300B200A025A00061001A03E00041
:10EEF0001703F8000703FF0001007801000130014B
:10EF000032010601390110014A012E017901060181
:10EF100080014D004302810182018201840184014C
:10EF200086018701870189018A018B018B018D018F
:10EF30008E018F0190019101910193019401F601DD
:10EF400096019701980198013D029B019C019D014A
:10EF500020029F01A001A001A201A201A401A4011D
:10EF6000A601A701A701A901AA01AB01AC01AC014F
:10EF7000AE01AF01AF01B101B201B301B301B501FF
:10EF8000B501B701B801B801BA01BB01BC01BC01B0
:10EF9000BE01F701C001C101C201C301C401C50125
:10EFA000C401C701C801C701CA01CB01CA01CD0113
:10EFB0001001DD0101008E01DE011201F3010300E9
:10EFC000F101F401F401F8012801220212013A02D0
:10EFD0000900652C3B023B023D02662C3F024002C9
:10EFE0004102410246020A015302400081018601AA
:10EFF000550289018A0158028F015A0290015C0270
:10F000005D025E025F02930161026202940164028A
:10F01000650266026702970196016A02622C6C0221
:10F020006D026E029C01700271029D0173027402F6
:10F030009F0176027702780279027A027B027C02D3
:10F04000642C7E027F02A60181028202A901840251
:10F05000850286028702AE014402B101B201450277
:10F060008D028E028F0290029102B7017B03030092
:10F07000FD03FE03FF03AC0304008603880389033A
:10F080008A03B1031103C2030200A303A303C40351
:10F090000803CC0303008C038E038F03D8031801ED
:10F0A000F2030A00F903F303F403F503F603F7038D
:10F0B000F703F903FA03FA0330042003500410079E
:10F0C000600422018A043601C1040E01CF0401004C
:10F0D000C004D00444016105260400007D1D010028
:10F0E000632C001E9601A01E5A01001F0806101F67
:10F0F0000606201F0806301F0806401F0606511F7F
:10F100000700591F521F5B1F541F5D1F561F5F1FB3
:10F11000601F0806701F0E00BA1FBB1FC81FC91F43
:10F12000CA1FCB1FDA1FDB1FF81FF91FEA1FEB1FD7
:10F13000FA1FFB1F801F0806901F0806A01F080665
:10F14000B01F0400B81FB91FB21FBC1FCC1F0100A5
:10F15000C31FD01F0206E01F0206E51F0100EC1FBF
:10F16000F21F0100FC1F4E2101003221702110020C
:10F17000842101008321D0241A05302C2F04602C17
:10F180000201672C0601752C0201802C6401002D00
:10F19000260841FF1A030000DDDDDDDDDCBBBBDD41
:10F1A000DDDDDDDDDDDDDDDD988888888888888827
:10F1B0007777777777888888855555566666666647
:10F1C0006666666666688888833333322222222226
:10F1D000222222222228888D534443415244000097
:10F1E00070726F66696C650077696669000000007F
:10F1F0006D6F746F72000000646574656374000065
:10F2000020F200080000002404010000F696000827
:10F2100024F30008040100241CA200000697000843
:10F2200000000000000000000000000000000000DE
:10F2300000000000000000000000000000000000CE
:10F240000100000010000000000000000090D0034A
:10F250000090D0030000000000000000000000004B
:10F26000000000000000000000000000600D00240D
:10F2700060170024000000000000000000000000F3
:10F28000000000000000000000000000000000007E
:10F29000000000000000000000000000000000006E
:10F2A000000000000000000000000000000000005E
:10F2B000000000000000000000000000000000004E
:10F2C000000000000000000000000000000000003E
:10F2D00000000000AAAAAAAA000000000000000086
:10F2E00000000000000000000000C8423333333F3C
:10F2F0009A99993E32000000500000000000000082
:10F30000E803000000000000000000000100000011
:10F3100000000000000000000000000000000000ED
:04F3200000000000E9
:040000050800029954
:00000001FF
